id,noise_type,noise_level,prompt_in,gold,pred,correct,f1,tag
1,clean,none,Question: What is the capital of the U.S. state of Alabama? Answer with only the city name.,Montgomery,montgomery,1,1.0,subset_baseline
4,clean,none,Question: What is the capital of the U.S. state of Arkansas? Answer with only the city name.,Little Rock,arkansas,0,0.0,subset_baseline
5,clean,none,Question: What is the capital of the U.S. state of California? Answer with only the city name.,Sacramento,san francisco,0,0.0,subset_baseline
10,clean,none,Question: What is the capital of the U.S. state of Georgia? Answer with only the city name.,Atlanta,atlanta,1,1.0,subset_baseline
11,clean,none,Question: What is the capital of the U.S. state of Hawaii? Answer with only the city name.,Honolulu,honolulu,1,1.0,subset_baseline
12,clean,none,Question: What is the capital of the U.S. state of Idaho? Answer with only the city name.,Boise,boise,1,1.0,subset_baseline
13,clean,none,Question: What is the capital of the U.S. state of Illinois? Answer with only the city name.,Springfield,chicago,0,0.0,subset_baseline
17,clean,none,Question: What is the capital of the U.S. state of Kentucky? Answer with only the city name.,Frankfort,kentucky,0,0.0,subset_baseline
20,clean,none,Question: What is the capital of the U.S. state of Maryland? Answer with only the city name.,Annapolis,baltimore,0,0.0,subset_baseline
22,clean,none,Question: What is the capital of the U.S. state of Michigan? Answer with only the city name.,Lansing,st. louis,0,0.0,subset_baseline
24,clean,none,Question: What is the capital of the U.S. state of Mississippi? Answer with only the city name.,Jackson,mississippi,0,0.0,subset_baseline
25,clean,none,Question: What is the capital of the U.S. state of Missouri? Answer with only the city name.,Jefferson City,missouri,0,0.0,subset_baseline
26,clean,none,Question: What is the capital of the U.S. state of Montana? Answer with only the city name.,Helena,boise,0,0.0,subset_baseline
27,clean,none,Question: What is the capital of the U.S. state of Nebraska? Answer with only the city name.,Lincoln,omaha,0,0.0,subset_baseline
30,clean,none,Question: What is the capital of the U.S. state of New Jersey? Answer with only the city name.,Trenton,philadelphia,0,0.0,subset_baseline
32,clean,none,Question: What is the capital of the U.S. state of New York? Answer with only the city name.,Albany,new york city,0,0.0,subset_baseline
36,clean,none,Question: What is the capital of the U.S. state of Oklahoma? Answer with only the city name.,Oklahoma City,oklahoma city,1,1.0,subset_baseline
39,clean,none,Question: What is the capital of the U.S. state of Rhode Island? Answer with only the city name.,Providence,rhode island,0,0.0,subset_baseline
40,clean,none,Question: What is the capital of the U.S. state of South Carolina? Answer with only the city name.,Columbia,columbia,1,1.0,subset_baseline
46,clean,none,Question: What is the capital of the U.S. state of Virginia? Answer with only the city name.,Richmond,richmond virginia,0,0.6666666666666666,subset_baseline
1,typos,light,Question: What is yhe capital of the U.S. wtate of Alabama? Answer with only the city name.,Montgomery,montgomery,1,1.0,subset_baseline
1,typos,heavy,Quesrion: What is the capital ovf tje 5U.S. state of Alabama? Answer with only the city namd.,Montgomery,tuscaloosa,0,0.0,subset_baseline
1,spacing_punct,light, Question:   What is the   capital of the U.S state of Alabama Answer with only the city name.   ,Montgomery,montgomery,1,1.0,subset_baseline
1,spacing_punct,heavy,Question What is     the   capital of   the US state   of Alabama   Answer with only the city name,Montgomery,montgomery,1,1.0,subset_baseline
1,unicode_confusables,light,Questiｏn: What is the capіtal of the U.S. sｔαｔe of Alαbamα? Answer with οｎly ｔhе ciｔy name.,Montgomery,san francisco,0,0.0,subset_baseline
1,unicode_confusables,heavy,Queѕｔіoｎ: Ｗhaｔ іs ｔhe cαpitαl of tһе U.S. ｓtate ｏf Alabaｍα? Anѕwer wіｔh οｎly thе ciｔу ｎaｍе.,Montgomery,Tuscaloosa,0,0.0,subset_baseline
1,emoji,light,Question: What is the capital of 🔹 the U.S. ✨ state of 🙂 Alabama 📍? Answer with only the city name.,Montgomery,montgomery,1,1.0,subset_baseline
1,emoji,heavy,Q 🗺️ uestion: What is the capital o ✅ f 🔹 the U.S. state of 🗺️ Alabama? Answer w 🗺️ ith only the ⭐ city name.,Montgomery,montgomery,1,1.0,subset_baseline
4,typos,light,Qjuestion: What lis the capital of the U.S. state of Arkansas? Answer with only the city name.,Little Rock,arkansas,0,0.0,subset_baseline
4,typos,heavy,Question: Whxat is the ca[ital of the U.S. state of Arkanszas? Abnswer with only the city game.,Little Rock,arkansas,0,0.0,subset_baseline
4,spacing_punct,light, Question What is the capital of the US.     state of Arkansas? Answer with only the city name.   ,Little Rock,arkansas,0,0.0,subset_baseline
4,spacing_punct,heavy, Question     What is the     capital of   the US state of Arkansas Answer with   only the city name   ,Little Rock,arkansas city,0,0.0,subset_baseline
4,unicode_confusables,light,Question: What is the caрiｔal of the U.S. ѕｔａｔe of Arkansas? Answеr wіth only the сіty name.,Little Rock,arkansas,0,0.0,subset_baseline
4,unicode_confusables,heavy,Queѕtion: Wһαt ｉѕ tһе cαpiｔal of ｔhe U.5. ѕｔａｔe of Arkａnｓas? Αｎswer wiｔh only ｔһе cｉｔy nαme.,Little Rock,arkansas city,0,0.0,subset_baseline
4,emoji,light,Question: What is the capital of the U.S. state of 🙂 Arkansas 📍? Answer with only the cit 🧭 y na 🙂 me.,Little Rock,arkansas,0,0.0,subset_baseline
4,emoji,heavy,Question: Wha ⚪ t i 📎 s the ✨ capital of the ⚪ ✅ U.S. state of Arka 📍 nsas? Answer with only the city name.,Little Rock,arkansas,0,0.0,subset_baseline
5,typos,light,Question: What is rthe capital of the U.S. state of Califodrnia? Answer with only the city name.,Sacramento,san francisco,0,0.0,subset_baseline
5,typos,heavy,1uestion: What is the capital of the U.S. staye of Csalifornia? Answer `with only the city nam2e.,Sacramento,san francisco,0,0.0,subset_baseline
5,spacing_punct,light, Question   What is the capital   of the U.S state of California? Answer with only the city name.   ,Sacramento,san francisco,0,0.0,subset_baseline
5,spacing_punct,heavy, Question What is the capital of   the US     state of   California     Answer with only the city name   ,Sacramento,san francisco,0,0.0,subset_baseline
5,unicode_confusables,light,Question: Wһaｔ iѕ tһe capｉｔal of ｔhe U.5. state οf Calіfornia? Answеr with only the cіｔy name.,Sacramento,san francisco,0,0.0,subset_baseline
5,unicode_confusables,heavy,Quesｔіon: Whaｔ is the capiｔαl οf ｔｈe U.5. ѕtate of Сalifornia? Anѕweｒ with oｎlу ｔhe сitу ｎaｍe.,Sacramento,california,0,0.0,subset_baseline
5,emoji,light,✨ ⭐ Question: What is the capital of the U.S. state of 🙂 California 📍? Answer with only the city name.,Sacramento,san francisco,0,0.0,subset_baseline
5,emoji,heavy,Question: What 🙂 ⭐ is the capit ⭐ 🔹 al of the U.S. state of ✨🙂 California 📍⭐? A 🧭 nsw ⚪ er with only the city name.,Sacramento,san francisco,0,0.0,subset_baseline
10,typos,light,Question: What is the capital of the U.S. state of Geo3rgia? Ancwer with only the city name.,Atlanta,san francisco,0,0.0,subset_baseline
10,typos,heavy,Question: SWhat is the capital of rthe U.S. state of Geo4rgia? Answer with onlgy tje city name.,Atlanta,san francisco,0,0.0,subset_baseline
10,spacing_punct,light, Question What is the capital of the US. state of Georgia?   Answer with only the city   name.,Atlanta,atlanta,1,1.0,subset_baseline
10,spacing_punct,heavy, Question   What     is the capital of the US state     of Georgia Answer with only the   city name,Atlanta,atlanta,1,1.0,subset_baseline
10,unicode_confusables,light,Quеstion: Whaｔ is ｔhe сαpіtαl οf ｔｈe U.S. stαte of Georgia? Aｎswеr witһ onlｙ ｔｈе citу name.,Atlanta,stte of georgia,0,0.0,subset_baseline
10,unicode_confusables,heavy,Queѕtｉοn: Wһaｔ iѕ thе сapіtαl οf thе Ｕ.S. ѕｔatе of Geοrgіα? Answеr wiｔһ only tһе cіtｙ nａmｅ.,Atlanta,georgia,0,0.0,subset_baseline
10,emoji,light,Question: W 🙂 hat is ⭐ the capital of the U.S. state of 🙂 Georgia 📍? Answer with only the city name.,Atlanta,atlanta,1,1.0,subset_baseline
10,emoji,heavy,Question: What is the capital 🗺️ of the U.S. state ✅ of ✨ Geo 🔹 rgia? Answ ✨ e 🧭 r with only the city name.,Atlanta,georgia,0,0.0,subset_baseline
11,typos,light,Question: Wthat is the capital of the U.S. state of Hawaii? Answer with 9only the city name.,Honolulu,honolulu,1,1.0,subset_baseline
11,typos,heavy,Question: Wuhat 8s the capital of the U.Z. state of Haqaii? Answer awith only the city name.,Honolulu,sydney,0,0.0,subset_baseline
11,spacing_punct,light, Question: What is the capital of the U.S state of Hawaii? Answer with only the     city name   ,Honolulu,honolulu,1,1.0,subset_baseline
11,spacing_punct,heavy, Question What is the   capital of the     US   state of Hawaii   Answer with   only the city name,Honolulu,honolulu,1,1.0,subset_baseline
11,unicode_confusables,light,Questｉon: Whαｔ iѕ the сaрitαl οf ｔhe U.S. state οf Hawａii? Anѕwеr with only the city namе.,Honolulu,hawaii,0,0.0,subset_baseline
11,unicode_confusables,heavy,Ｑuеstіοn: Ｗһaｔ iѕ thе capital of ｔhe U.5. ѕtａtе οf Hawαіі? Anѕwer with οn1у ｔһе cіtу namｅ.,Honolulu,Wat i thе capital of the U.5.,0,0.0,subset_baseline
11,emoji,light,Question: What is the ca 🧭 pital of the U.S. 📍 state of 🙂 Hawaii 📍? Answer with only the city name.,Honolulu,honolulu,1,1.0,subset_baseline
11,emoji,heavy,Question: Wh 🙂 at is the capital of ⭐ th 📍 e U.S. ⚪ state of ✨🙂 Hawaii 📍⭐? Answer with only the city name 🗺️ 🗺️ .,Honolulu,honolulu,1,1.0,subset_baseline
12,typos,light,Wuestion: What is the capital of the U.S. state of Idaho? Answer with only the cify name.,Boise,boise,1,1.0,subset_baseline
12,typos,heavy,Question: Whqt is the capital of yhe U.S. state of Ivdaho? Answer with only the c6yty name.,Boise,boise,1,1.0,subset_baseline
12,spacing_punct,light, Question: What is   the capital of the US. state of Idaho Answer with only the city   name.   ,Boise,boise,1,1.0,subset_baseline
12,spacing_punct,heavy, Question What   is the capital of     the US state     of Idaho Answer with   only the city name,Boise,boise,1,1.0,subset_baseline
12,unicode_confusables,light,Question: Whaｔ is ｔhe cαрital οf thе U.S. ѕｔatе of Idaho? Anｓwer with onlу the сity naｍе.,Boise,boise,1,1.0,subset_baseline
12,unicode_confusables,heavy,Ｑuеstion: Wһaｔ іѕ tһе сαpitα1 of the U.5. ѕtａte of Idαһo? Anѕwer wіth on1y thе сiｔy namе.,Boise,do,0,0.0,subset_baseline
12,emoji,light,Question: What is the capita ⭐ l of the U.S. state of ✅ Idaho? Answer with only the city name.,Boise,boise,1,1.0,subset_baseline
12,emoji,heavy,Question: What is the capital of the U.S. state ⭐ of Idaho 🙂 ✨ ? Answer ⚪ with o ⚪ ⭐ nly the city name.,Boise,boise,1,1.0,subset_baseline
13,typos,light,Question: Wgat is the capital of the U.S. state of Illinois? Answer with only the ckty name.,Springfield,chicago,0,0.0,subset_baseline
13,typos,heavy,Question: Whwt is the cwoital of the U.S. state of Illin;is? Answer with only the city game.,Springfield,chicago,0,0.0,subset_baseline
13,spacing_punct,light, Question What   is the capital of the U.S. state of Illinois?   Answer with only the city name,Springfield,chicago,0,0.0,subset_baseline
13,spacing_punct,heavy, Question What is     the capital of     the US state of Illinois Answer     with only the city name   ,Springfield,chicago,0,0.0,subset_baseline
13,unicode_confusables,light,Quеstiοｎ: What іѕ the сapiｔaｌ of the Ｕ.5. ｓｔate οf Ιllinois? Answｅr witһ onlу the сiｔу name.,Springfield,chicago,0,0.0,subset_baseline
13,unicode_confusables,heavy,Ｑuestіοn: Wһat is the ｃａpiｔal of the U.5. stαtе οf Iｌlіnoіｓ? Answer wiｔh oｎｌy tｈe ciｔу naｍｅ.,Springfield,san francisco,0,0.0,subset_baseline
13,emoji,light,Question: What 📎 is the capital of the U.S. state of 🙂 Illinois 📍? Answer with only the ⚪ city name.,Springfield,chicago,0,0.0,subset_baseline
13,emoji,heavy,Question: What is the capital of the U.S. state of Illinoi ⚪ s? 🙂 🙂 🧭 🔹 Answer with only the city name. ⚪,Springfield,chicago,0,0.0,subset_baseline
17,typos,light,Question: What is the capital of the U.S. state ob Kentucky? Answer with omly the city name.,Frankfort,kentucky,0,0.0,subset_baseline
17,typos,heavy,Q7estion: What is the ca8ital pof the U.S. stahe of Kentucky? Answer with only th1 city name.,Frankfort,kentucky,0,0.0,subset_baseline
17,spacing_punct,light, Question:   What is the capital of the US. state of Kentucky Answer with only   the city name.,Frankfort,kentucky,0,0.0,subset_baseline
17,spacing_punct,heavy,Question What     is the capital of the US state   of Kentucky Answer   with   only the city   name,Frankfort,kentucky,0,0.0,subset_baseline
17,unicode_confusables,light,Quеstion: Wһat is ｔhe caрitαｌ οf the U.S. state of Kеntucky? Aｎswｅr wｉth only the city naｍe.,Frankfort,kentucky,0,0.0,subset_baseline
17,unicode_confusables,heavy,Quеｓtioｎ: Ｗһαt іs ｔhe cαpitαl οf tһe U.S. staｔe of Keｎｔuсkу? Anѕwеr wіｔh only thе сity ｎaｍe.,Frankfort,kentucky,0,0.0,subset_baseline
17,emoji,light,Quest ✅ ion: What is the capital of the U. 🗺️ S. state of 🙂 Kentucky 📍? Answer with only the city name.,Frankfort,kentucky,0,0.0,subset_baseline
17,emoji,heavy,Question: What is t 🙂 ✅ he capital of the U.S. state of ⚪ Kentucky? 📍 Answer w ⚪ ith o 🧭 nly the city name.,Frankfort,kentucky,0,0.0,subset_baseline
20,typos,light,Question: What is the capital of the U.S. state of Marylwand? Answer witnh only the city name.,Annapolis,san antonio,0,0.0,subset_baseline
20,typos,heavy,Question: SWhat is the capitaal of the U.S. state of Magryland? Answer with only tme city name.,Annapolis,cleveland,0,0.0,subset_baseline
20,spacing_punct,light, Question What is the capital of the US. state of Maryland?   Answer with only   the city name.   ,Annapolis,baltimore,0,0.0,subset_baseline
20,spacing_punct,heavy, Question   What is     the   capital of the US state   of   Maryland Answer with only the city name,Annapolis,baltimore,0,0.0,subset_baseline
20,unicode_confusables,light,Questiοｎ: What is the capita1 οf the U.S. state of Marуlαnd? Aｎswer wiｔh only ｔhe сiｔy nαme.,Annapolis,san francisco,0,0.0,subset_baseline
20,unicode_confusables,heavy,Quеѕｔioｎ: Whaｔ іs the сapіｔal of tｈe U.S. ѕtatе οｆ Mary1and? Αｎѕwеr wіｔh on1y the сitу naｍе.,Annapolis,nwеr wth on1y the с,0,0.0,subset_baseline
20,emoji,light,Questio 🧭 n: What is the capital of the U.S. stat ✅ e of Maryland? Answer with only the city name.,Annapolis,columbia,0,0.0,subset_baseline
20,emoji,heavy,Questio ⭐ n: What is t 📎 he capital 🔹 of the U.S. state of ✨ Ma 📍 ryland? Answe 🧭 r with only the city name.,Annapolis,san antonio,0,0.0,subset_baseline
22,typos,light,Questiojn: Whsat is the capital of the U.S. state of Michigan? Answer with only the city name.,Lansing,st. louis,0,0.0,subset_baseline
22,typos,heavy,Questikn: QWhat is thwe capital of the U.S. state of Michigan? Xnswer with onlgy the city name.,Lansing,Grand Rapids,0,0.0,subset_baseline
22,spacing_punct,light,Question: What is the   capital of the US. state of Michigan? Answer with only   the city name,Lansing,st. louis,0,0.0,subset_baseline
22,spacing_punct,heavy, Question What is the capital of the US state   of Michigan         Answer with only   the city name   ,Lansing,st. louis,0,0.0,subset_baseline
22,unicode_confusables,light,Question: What is the caрital of tһe U.S. ｓtate of Ｍicｈigan? Aｎsｗer with onlу the сitｙ name.,Lansing,st. louis,0,0.0,subset_baseline
22,unicode_confusables,heavy,Questiｏn: What іｓ ｔhｅ cαpitα1 oｆ tһe Ｕ.5. ѕtate οf Μｉchigαn? Aｎѕwеr with oｎ1y the сiｔy nａｍе.,Lansing,ichign,0,0.0,subset_baseline
22,emoji,light,Question: What is the ca 🗺️ pital of the U.S. state of 🙂 Michigan 📍? Answer with o 🗺️ nly the city name.,Lansing,oshkosh,0,0.0,subset_baseline
22,emoji,heavy,Qu 📎 estion: ✨ What is the capital of the U.S. state of Mi 📎 chigan? Answer 🗺️ with only the cit ✨ y name 🔹 .,Lansing,milwaukee,0,0.0,subset_baseline
24,typos,light,Question: What is the cspital of the U.S. state of Mississippi? Answer with only the xity name.,Jackson,mississippi,0,0.0,subset_baseline
24,typos,heavy,Question: What is the caoital of ythe 6.S. statre of Mississippi? Answer 1ith only the city name.,Jackson,mississippi,0,0.0,subset_baseline
24,spacing_punct,light, Question: What is the capital of the U.S. state of   Mississippi Answer with   only the city name,Jackson,mississippi,0,0.0,subset_baseline
24,spacing_punct,heavy,Question   What is the capital     of   the     US state of Mississippi Answer with only the city name   ,Jackson,mississippi,0,0.0,subset_baseline
24,unicode_confusables,light,Quеsｔion: What is the capita1 of the U.S. sｔaｔe of Misѕissippi? Answer with onlу the cіty namе.,Jackson,mississippi,0,0.0,subset_baseline
24,unicode_confusables,heavy,Queｓｔiοｎ: Wһａt іs ｔhe cαpіta1 of ｔｈe U.5. sｔatе of Μｉssisѕipрｉ? Αｎswеr wіｔh only tһe citу ｎaｍe.,Jackson,issisipрi,0,0.0,subset_baseline
24,emoji,light,Question: What is the capital of the U.S. state of Missi ✅ ssippi? Answer with only the ci 🗺️ ty name.,Jackson,mississippi,0,0.0,subset_baseline
24,emoji,heavy,Question: W 📍 hat ✅ is the capital 🔹 of the U.S. state of Mississippi ✨ 📎 ? Answer with only the c 🔹 ity name.,Jackson,mississippi,0,0.0,subset_baseline
25,typos,light,Question: What is the capiytal of 3the U.S. state of Missouri? Answer with only the city name.,Jefferson City,st louis,0,0.0,subset_baseline
25,typos,heavy,Quewtion: What is the capital of the U.S. state of Missouri? Answ2r wuith only thse city hname.,Jefferson City,missouri,0,0.0,subset_baseline
25,spacing_punct,light, Question What is the capital   of the US. state of Missouri?   Answer with only the city name.,Jefferson City,missouri,0,0.0,subset_baseline
25,spacing_punct,heavy, Question   What is the capital of the US state   of Missouri Answer with only the   city       name   ,Jefferson City,missouri,0,0.0,subset_baseline
25,unicode_confusables,light,Quesｔion: Wһat іs the capita1 of the U.S. state of Missoｕri? Ａnswer wiｔh oｎｌy the citу naｍe.,Jefferson City,st louis,0,0.0,subset_baseline
25,unicode_confusables,heavy,Queѕtｉon: Ｗhαt іѕ the ｃapiｔα1 of tһe U.S. state of Misѕοuｒi? Αnswer with οｎly the ｃіty naｍe.,Jefferson City,st. louis,0,0.0,subset_baseline
25,emoji,light,Question: What is the ✨ c ✅ apital of the U.S. state of 🙂 Missouri 📍? Answer with only the city name.,Jefferson City,st louis,0,0.0,subset_baseline
25,emoji,heavy,Question: What is t ✅ h ⭐ e capital of the 🔹 U.S. state of ✨🙂 Missouri 📍⭐? ✨ Answer with only the city 📎 name 🗺️ .,Jefferson City,st. louis,0,0.0,subset_baseline
26,typos,light,Question: What is tmhe capital of the U.S. state of Montana? Answer w6ith only the city name.,Helena,missoula,0,0.0,subset_baseline
26,typos,heavy,Question: Whzt is the ca;pital of the U.S. cstate of Montwna? WAnswer with only the city name.,Helena,san francisco,0,0.0,subset_baseline
26,spacing_punct,light,Question: What is the capital   of the U.S.   state of Montana Answer with only the city name,Helena,boise,0,0.0,subset_baseline
26,spacing_punct,heavy,Question     What is   the capital of the US state of Montana Answer     with   only the city name,Helena,boise,0,0.0,subset_baseline
26,unicode_confusables,light,Queѕtiοn: What iѕ the capiｔal of thе U.S. stαtｅ of Montana? Answer wіｔh only the сіty ｎame.,Helena,montana,0,0.0,subset_baseline
26,unicode_confusables,heavy,Quеｓｔiοn: Wｈaｔ iѕ ｔhe capital of the U.S. sｔatе of Moｎtana? Αｎswеr ｗіｔһ οｎ1y tһе citу ｎamｅ.,Helena,Helena,1,1.0,subset_baseline
26,emoji,light,Questio ✅ n: What is the capital of the U.S. state of Monta 🗺️ na? Answer with only the city name.,Helena,san francisco,0,0.0,subset_baseline
26,emoji,heavy,Qu ⭐ estion: What is the capital of the U.S. state of M 📍 ✨ ontana 🙂 ⚪ ? Answer with ✨ only the city name.,Helena,san antonio,0,0.0,subset_baseline
27,typos,light,Question: What is the capital of the U.S. estate obf Nebraska? Answer with only the city name.,Lincoln,omaha,0,0.0,subset_baseline
27,typos,heavy,Question: Whxat is the capital otf the JU.S. state of Nebraskwa? Answer with only the city game.,Lincoln,detroit,0,0.0,subset_baseline
27,spacing_punct,light, Question What is the capital of the US. state of   Nebraska? Answer with only the   city name.,Lincoln,omaha,0,0.0,subset_baseline
27,spacing_punct,heavy,Question What is the capital of the   US state         of Nebraska Answer with   only the city name,Lincoln,omaha,0,0.0,subset_baseline
27,unicode_confusables,light,Ｑuesｔion: What iｓ tһe capiｔαl of thｅ U.S. ｓtate of Nebraska? Aｎѕwer with only the ciｔy ｎame.,Lincoln,omaha,0,0.0,subset_baseline
27,unicode_confusables,heavy,Quеstіοｎ: Wһαｔ is tｈе сαｐіtαｌ of ｔhe Ｕ.S. sｔatе οf Ｎebrαskａ? Αnswer wｉtһ on1у tһe cіty ｎaｍе.,Lincoln,U.S. statе f Nebrska,0,0.0,subset_baseline
27,emoji,light,📍 Question: What is the capital of the U.S. state of 🙂 Nebraska 📍? Answer with only the cit 📍 y name.,Lincoln,omaha,0,0.0,subset_baseline
27,emoji,heavy,Question: What is the c 🙂 api 🧭 t 📍 al of the U.S. state of Nebrask ✅ a ⚪ ? Answer with only the cit 🧭 y name.,Lincoln,nebraska,0,0.0,subset_baseline
30,typos,light,Question: What izs the dapital of the U.S. state of New Jersey? Answer with only the city name.,Trenton,philadelphia,0,0.0,subset_baseline
30,typos,heavy,Question: What ks the capi3tal of the U.S. state of New Jersey? Ans`wer wifh only the citu name.,Trenton,st. john s,0,0.0,subset_baseline
30,spacing_punct,light, Question: What is the capital   of   the US. state of New Jersey? Answer with only the city name,Trenton,philadelphia,0,0.0,subset_baseline
30,spacing_punct,heavy,Question What   is the capital of     the   US state of New Jersey Answer with only   the city   name,Trenton,philadelphia,0,0.0,subset_baseline
30,unicode_confusables,light,Questіοｎ: Ｗhａt iѕ the capital οf tｈе U.S. staｔe of New Jersey? Answеr with onlу ｔhe city name.,Trenton,philadelphia,0,0.0,subset_baseline
30,unicode_confusables,heavy,Quesｔіοｎ: Whaｔ іs ｔhe capіｔal οf ｔһe U.5. ѕtαte οf Ｎew Jerseу? Aｎѕwer wіth ｏｎlу the citｙ namе.,Trenton,st. augustine,0,0.0,subset_baseline
30,emoji,light,Question: What is the 🙂 capital of the U.S. sta 📎 te of New Jersey? Answer with only the city name.,Trenton,philadelphia,0,0.0,subset_baseline
30,emoji,heavy,Question: What 📍 🗺️ 🧭 is the ca 🙂 pital of the U.S. state of ✨🙂 New Jersey 📍⭐? Answer w 🧭 ith only ✅ the city name.,Trenton,philadelphia,0,0.0,subset_baseline
32,typos,light,Question: What is the caplital of the U.S. state of New York? Answer wi3th only the city name.,Albany,new york city,0,0.0,subset_baseline
32,typos,heavy,Question: What is th2 capital of the U.S. stahe of New HYork? Answer with only the c8kity name.,Albany,new york city,0,0.0,subset_baseline
32,spacing_punct,light,Question:   What is   the capital of the US. state of New York Answer with only the city name.,Albany,new york city,0,0.0,subset_baseline
32,spacing_punct,heavy, Question What   is the capital of the US       state of New York   Answer with   only the city name   ,Albany,new york city,0,0.0,subset_baseline
32,unicode_confusables,light,Question: What іs tһe capіtαl of ｔhe U.S. sｔate of New Υoｒk? Answer wіth only the cіty nαme.,Albany,new york,0,0.0,subset_baseline
32,unicode_confusables,heavy,Quеsｔioｎ: Wһαｔ іs tһе ｃaріtal οf thе U.S. ѕｔate of Nеw Υοrk? Answer wіｔһ on1y thｅ сｉｔy ｎamｅ.,Albany,san francisco california,0,0.0,subset_baseline
32,emoji,light,Question: Wha 🗺️ t is the capital of the U.S. state of 🙂 New York 📍? Answer with only the city nam ✅ e.,Albany,new york city,0,0.0,subset_baseline
32,emoji,heavy,Question: What is the cap 🔹 ital of the ✅ U.S. state of Ne 🔹 🔹 w Yor ⚪ k? Answer with only the city nam ✨ e.,Albany,wyoming,0,0.0,subset_baseline
36,typos,light,Question: What is the czapital of the U.S. state of Oklahoma? Answer w8th only the city name.,Oklahoma City,oklahoma city,1,1.0,subset_baseline
36,typos,heavy,1kuestion: What is the capital of the U.S. stwate 9of Oklahoma? Answer with onl4 the city name.,Oklahoma City,oklahoma city,1,1.0,subset_baseline
36,spacing_punct,light,Question What is the   capital   of the U.S. state of Oklahoma Answer with only the city name.   ,Oklahoma City,oklahoma city,1,1.0,subset_baseline
36,spacing_punct,heavy, Question What is the capital of the US state   of Oklahoma Answer     with only the city       name   ,Oklahoma City,oklahoma city,1,1.0,subset_baseline
36,unicode_confusables,light,Question: Wｈat іs ｔhe capital of tһe U.S. statе ｏf Ｏκlahoma? Αnswer witһ only the city ｎaｍe.,Oklahoma City,olahoma city,0,0.5,subset_baseline
36,unicode_confusables,heavy,Queｓtioｎ: Wｈat is the cαpitα1 of ｔһe U.5. sｔate οｆ 0klαhοmα? Anѕwеr wіth on1у tһe cіty ｎaｍe.,Oklahoma City,klhm,0,0.0,subset_baseline
36,emoji,light,Question: What is the capital of the U.S. state of 🙂 Oklahoma 📍? ⚪ Answer with only the 🔹 city name.,Oklahoma City,oklahoma city,1,1.0,subset_baseline
36,emoji,heavy,Question: What is the capital of 🔹 the U.S. ⚪ state of ✨🙂 Oklahoma 📍⭐? Answer with ⚪ 🗺️ only th 🗺 ✅ ️ e city name.,Oklahoma City,oklahoma city,1,1.0,subset_baseline
39,typos,light,Question: Whart is the capital of the U.S. state of Rhode Island? Answer with only rhe city name.,Providence,rhode island,0,0.0,subset_baseline
39,typos,heavy,Auesyion: What is the capital of the U.S. state of Rhode Ielansd? Answer with only the city nwame.,Providence,oxford,0,0.0,subset_baseline
39,spacing_punct,light, Question: What is the capital of the U.S   state of   Rhode Island? Answer with only the city name,Providence,rhode island,0,0.0,subset_baseline
39,spacing_punct,heavy, Question What is the   capital of   the US state of   Rhode Island   Answer with   only the   city name,Providence,rhode island,0,0.0,subset_baseline
39,unicode_confusables,light,Questіon: What is the capitaｌ of the U.S. statｅ οf Rhode Is1aｎd? Aｎswer wiｔh on1y thе ciｔy name.,Providence,rhode island,0,0.0,subset_baseline
39,unicode_confusables,heavy,Ｑueѕｔioｎ: Wһαｔ іѕ tһe cαpitα1 of ｔhe Ｕ.S. state of Rһode Ιslanｄ? Aｎswer ｗitһ oｎly tһe сіtу ｎame.,Providence,san francisco,0,0.0,subset_baseline
39,emoji,light,Question: What is the capital of th ⚪ e U.S. state of 🙂 Rhode Island 📍? Answer with only 📎 the city name.,Providence,rhode island,0,0.0,subset_baseline
39,emoji,heavy,📍 Question: What 🔹 📎 is the ca ✨ pi 🔹 tal of the U.S. state of ✨🙂 Rhode Island 📍⭐? Answer with only the city na ⚪ me.,Providence,rhode island,0,0.0,subset_baseline
40,typos,light,`uestion: What is the czapital of the U.S. state of South Carolina? Answer with only the city name.,Columbia,columbia,1,1.0,subset_baseline
40,typos,heavy,"Question: What is the capital of the U.XS. state of AWSouth Caro,lina? Ansawer with only the city name.",Columbia,san antonio,0,0.0,subset_baseline
40,spacing_punct,light,Question: What is   the capital of the US. state of South Carolina? Answer with only the city   name,Columbia,columbia,1,1.0,subset_baseline
40,spacing_punct,heavy,Question What is the capital   of the US state   of       South Carolina   Answer with only the city name   ,Columbia,columbia,1,1.0,subset_baseline
40,unicode_confusables,light,Question: What iｓ the cａpita1 of the U.S. state of 5ouｔh Сaｒolinα? Aｎswer wіｔh only the citу name.,Columbia,san antonio,0,0.0,subset_baseline
40,unicode_confusables,heavy,Questіon: Wһαｔ is the сaрital of the U.Ｓ. stαte οf 5outһ Cαｒo1inα? Αｎswеr wіｔһ oｎly tһe сіty ｎaｍe.,Columbia,u s of america,0,0.0,subset_baseline
40,emoji,light,Question: What is the capital ✅ of the U.S. s ✅ tate of South Carolina? Answer with only the city name.,Columbia,columbia,1,1.0,subset_baseline
40,emoji,heavy,Question: 📍 What 📎 is 🙂 the capital of the U.S. state of South Carolin 🙂 a? Answer w ⚪ ith only the ci 🧭 ty name.,Columbia,charlotte,0,0.0,subset_baseline
46,typos,light,Questuion: What is the capital of the U.S. state of Virginia? Answer with ;only the city name.,Richmond,richmond virginia,0,0.6666666666666666,subset_baseline
46,typos,heavy,Qhuestion: What is the capital of 3the U.S. zstate of Virginia? Andwer with ogly the city name.,Richmond,richmond virginia,0,0.6666666666666666,subset_baseline
46,spacing_punct,light, Question: What is   the capital of   the US state of Virginia? Answer with only the city name.,Richmond,richmond virginia,0,0.6666666666666666,subset_baseline
46,spacing_punct,heavy, Question     What is the   capital of the US state of Virginia   Answer with     only the city name   ,Richmond,charleston,0,0.0,subset_baseline
46,unicode_confusables,light,Quеѕｔiｏn: Ｗһαt iѕ ｔhe capital of thｅ U.S. state of Virginia? Answer witһ only the ciｔу ｎαme.,Richmond,richmond virginia,0,0.6666666666666666,subset_baseline
46,unicode_confusables,heavy,Queѕｔioｎ: Wһat іs the сaріtal of ｔhе U.5. stａtе of Virginiａ? Αｎswer wiｔһ oｎlу the ciｔу ｎαｍе.,Richmond,rhode island,0,0.0,subset_baseline
46,emoji,light,Question: What is the capital of the U.S. state of Virgin ✨ ia? Answer with only the ✅ city name.,Richmond,charleston,0,0.0,subset_baseline
46,emoji,heavy,Qu 🔹 est 🔹 ion: What is t ✅ he capita ✨ l of the U.S. state of ✨🙂 Virginia 📍⭐? Answ ✨ er with only the city name ✨ .,Richmond,charleston,0,0.0,subset_baseline
1,clean,none,"Instruction: You may see typos, extra spaces, unusual Unicode (full-width or look-alike characters), or emoji. Mentally normalize and infer the intended meaning. Respond with only the U.S. state capital, no extra words or punctuation.
Question: What is the capital of the U.S. state of Alabama? Answer:",Montgomery,Tuscaloosa,0,0.0,subset_prompt
4,clean,none,"Instruction: You may see typos, extra spaces, unusual Unicode (full-width or look-alike characters), or emoji. Mentally normalize and infer the intended meaning. Respond with only the U.S. state capital, no extra words or punctuation.
Question: What is the capital of the U.S. state of Arkansas? Answer:",Little Rock,Little Rock,1,1.0,subset_prompt
5,clean,none,"Instruction: You may see typos, extra spaces, unusual Unicode (full-width or look-alike characters), or emoji. Mentally normalize and infer the intended meaning. Respond with only the U.S. state capital, no extra words or punctuation.
Question: What is the capital of the U.S. state of California? Answer:",Sacramento,Sacramento,1,1.0,subset_prompt
10,clean,none,"Instruction: You may see typos, extra spaces, unusual Unicode (full-width or look-alike characters), or emoji. Mentally normalize and infer the intended meaning. Respond with only the U.S. state capital, no extra words or punctuation.
Question: What is the capital of the U.S. state of Georgia? Answer:",Atlanta,Atlanta,1,1.0,subset_prompt
11,clean,none,"Instruction: You may see typos, extra spaces, unusual Unicode (full-width or look-alike characters), or emoji. Mentally normalize and infer the intended meaning. Respond with only the U.S. state capital, no extra words or punctuation.
Question: What is the capital of the U.S. state of Hawaii? Answer:",Honolulu,Honolulu,1,1.0,subset_prompt
12,clean,none,"Instruction: You may see typos, extra spaces, unusual Unicode (full-width or look-alike characters), or emoji. Mentally normalize and infer the intended meaning. Respond with only the U.S. state capital, no extra words or punctuation.
Question: What is the capital of the U.S. state of Idaho? Answer:",Boise,Idaho Falls,0,0.0,subset_prompt
13,clean,none,"Instruction: You may see typos, extra spaces, unusual Unicode (full-width or look-alike characters), or emoji. Mentally normalize and infer the intended meaning. Respond with only the U.S. state capital, no extra words or punctuation.
Question: What is the capital of the U.S. state of Illinois? Answer:",Springfield,Chicago,0,0.0,subset_prompt
17,clean,none,"Instruction: You may see typos, extra spaces, unusual Unicode (full-width or look-alike characters), or emoji. Mentally normalize and infer the intended meaning. Respond with only the U.S. state capital, no extra words or punctuation.
Question: What is the capital of the U.S. state of Kentucky? Answer:",Frankfort,Louisville,0,0.0,subset_prompt
20,clean,none,"Instruction: You may see typos, extra spaces, unusual Unicode (full-width or look-alike characters), or emoji. Mentally normalize and infer the intended meaning. Respond with only the U.S. state capital, no extra words or punctuation.
Question: What is the capital of the U.S. state of Maryland? Answer:",Annapolis,Baltimore,0,0.0,subset_prompt
22,clean,none,"Instruction: You may see typos, extra spaces, unusual Unicode (full-width or look-alike characters), or emoji. Mentally normalize and infer the intended meaning. Respond with only the U.S. state capital, no extra words or punctuation.
Question: What is the capital of the U.S. state of Michigan? Answer:",Lansing,Detroit,0,0.0,subset_prompt
24,clean,none,"Instruction: You may see typos, extra spaces, unusual Unicode (full-width or look-alike characters), or emoji. Mentally normalize and infer the intended meaning. Respond with only the U.S. state capital, no extra words or punctuation.
Question: What is the capital of the U.S. state of Mississippi? Answer:",Jackson,Jackson,1,1.0,subset_prompt
25,clean,none,"Instruction: You may see typos, extra spaces, unusual Unicode (full-width or look-alike characters), or emoji. Mentally normalize and infer the intended meaning. Respond with only the U.S. state capital, no extra words or punctuation.
Question: What is the capital of the U.S. state of Missouri? Answer:",Jefferson City,St. Louis,0,0.0,subset_prompt
26,clean,none,"Instruction: You may see typos, extra spaces, unusual Unicode (full-width or look-alike characters), or emoji. Mentally normalize and infer the intended meaning. Respond with only the U.S. state capital, no extra words or punctuation.
Question: What is the capital of the U.S. state of Montana? Answer:",Helena,Helena,1,1.0,subset_prompt
27,clean,none,"Instruction: You may see typos, extra spaces, unusual Unicode (full-width or look-alike characters), or emoji. Mentally normalize and infer the intended meaning. Respond with only the U.S. state capital, no extra words or punctuation.
Question: What is the capital of the U.S. state of Nebraska? Answer:",Lincoln,Omaha,0,0.0,subset_prompt
30,clean,none,"Instruction: You may see typos, extra spaces, unusual Unicode (full-width or look-alike characters), or emoji. Mentally normalize and infer the intended meaning. Respond with only the U.S. state capital, no extra words or punctuation.
Question: What is the capital of the U.S. state of New Jersey? Answer:",Trenton,Newark,0,0.0,subset_prompt
32,clean,none,"Instruction: You may see typos, extra spaces, unusual Unicode (full-width or look-alike characters), or emoji. Mentally normalize and infer the intended meaning. Respond with only the U.S. state capital, no extra words or punctuation.
Question: What is the capital of the U.S. state of New York? Answer:",Albany,New York,0,0.0,subset_prompt
36,clean,none,"Instruction: You may see typos, extra spaces, unusual Unicode (full-width or look-alike characters), or emoji. Mentally normalize and infer the intended meaning. Respond with only the U.S. state capital, no extra words or punctuation.
Question: What is the capital of the U.S. state of Oklahoma? Answer:",Oklahoma City,Oklahoma City,1,1.0,subset_prompt
39,clean,none,"Instruction: You may see typos, extra spaces, unusual Unicode (full-width or look-alike characters), or emoji. Mentally normalize and infer the intended meaning. Respond with only the U.S. state capital, no extra words or punctuation.
Question: What is the capital of the U.S. state of Rhode Island? Answer:",Providence,Providence,1,1.0,subset_prompt
40,clean,none,"Instruction: You may see typos, extra spaces, unusual Unicode (full-width or look-alike characters), or emoji. Mentally normalize and infer the intended meaning. Respond with only the U.S. state capital, no extra words or punctuation.
Question: What is the capital of the U.S. state of South Carolina? Answer:",Columbia,Charleston,0,0.0,subset_prompt
46,clean,none,"Instruction: You may see typos, extra spaces, unusual Unicode (full-width or look-alike characters), or emoji. Mentally normalize and infer the intended meaning. Respond with only the U.S. state capital, no extra words or punctuation.
Question: What is the capital of the U.S. state of Virginia? Answer:",Richmond,Richmond,1,1.0,subset_prompt
1,typos,light,"Instruction: You may see typos, extra spaces, unusual Unicodw (full-width or look-alike characters), or emoji. Mentally normalize anrd infer the intended meaning. Respond with only the U.S. state capital, no extra words or punctuation.
Question: What is the capital of the U.S. state of Alabama? Answer:",Montgomery,Tuscaloosa,0,0.0,subset_prompt
1,typos,heavy,"Instruction: You may see typos, extra spaces, unususal Unicode (full-w8dth or look-alike characters), or emoji. Mentally normalize and ingfer the intended meaning. Respond with only the U.S. state capital, no extra words or punctuat7on.
Question: What is the capital of the U.S. state of Alabama? Agswer:",Montgomery,Tuscaloosa,0,0.0,subset_prompt
1,spacing_punct,light,"Instruction: You may see typos extra spaces unusual Unicode (full-width or look-alike characters), or emoji. Mentally normalize and infer the intended meaning. Respond with only the U.S. state capital, no extra words   or punctuation.
Question: What is the capital of the U.S. state of   Alabama? Answer:",Montgomery,Tuscaloosa,0,0.0,subset_prompt
1,spacing_punct,heavy,"Instruction You may see typos extra spaces unusual Unicode (full-width or look-alike characters) or emoji Mentally normalize   and infer the intended meaning     Respond with only the US   state capital no extra words or punctuation
Question What is the   capital of the US state   of Alabama Answer",Montgomery,What is the capital of the US state of Alabama,0,0.0,subset_prompt
1,unicode_confusables,light,"Instrucｔion: You may see typοs, extra spaceѕ, unusuaｌ Unicode (ｆｕll-widｔh or look-alike chαracters), or emojｉ. Mentally normα1ize αｎd infer the inｔendｅd meaning. Reｓpoｎｄ witһ only the U.S. ѕtaｔe capita1, no еxtra words οr puｎctuαtioｎ.
Question: What іs ｔhe сaріtal of thｅ U.S. state oｆ A1αbaｍa? Anѕｗer:",Montgomery,Honolulu,0,0.0,subset_prompt
1,unicode_confusables,heavy,"Ｉnstｒucｔіoｎ: Ｙｏu ｍαy ѕее tуpos, extra ѕpaсеs, uｎusuａ1 Unicοdе (fｕ1l-wіｄｔһ or look-αlіke сhαｒａｃterѕ), ｏr eｍojі. Mеｎｔαllｙ normαlіze and іnfеr tһe inｔеndｅd ｍеαｎiｎg. Rеѕpｏnd ｗitһ ｏｎlу tһе U.5. stａte сaрiｔa1, no ｅхｔrα wordѕ or рuncｔuαｔiοn.
Quеsｔіοn: What iѕ the cαрiｔal ｏf thе U.S. stαｔe of Alαbαmα? Anｓwer:",Montgomery,te U.5. state сaрita1,0,0.0,subset_prompt
1,emoji,light,"Instruction: You may see typos, extra spaces, unusual Unicode (full-width or look-al ⭐ ike characters), or emoji. Mentally normalize and infer the intended meaning. Respond 🙂 with only the U.S. state capital, no extra words or punctuation. Question: What is the capital of the U.S. state of 🙂 Alabama 📍? Answer:",Montgomery,Tuscaloosa,0,0.0,subset_prompt
1,emoji,heavy,"Instruction: 🙂 ✨ You 🙂 may see typos, e 📍 xtra spaces, unusual Unicode (full-width or look-alike characters), or emoji. Mentally normalize and infer the intended mea 🔹 ning. Respond with only the U.S. state capital, no extra words or punctuation. Question: What is the capital of the U.S. state of A ✨ labama? Answer:",Montgomery,Albuquerque,0,0.0,subset_prompt
4,typos,light,"Instruction: You may see typos, extra spaces, unusual Unicode (full-width or look-alike characters), or emoji. Mentally normalize and infer fthe intended hmeaning. Respond with only the U.S. state capital, no extra words or punctuation.
Question: What is the capital of the U.S. state of Arkansas? Answer:",Little Rock,Little Rock,1,1.0,subset_prompt
4,typos,heavy,"Instrufction: You ,may see typos, extra spaces, unusual Unicode (full-width or look-alike characterw), or emoji. Mentally normalize and infer the intended meaning. Respond with only the U.S. state capital, no extra words or punctuation.
Ques5ion: What is tjhe capital of the U.S. state of Arkansas? Answer:",Little Rock,Little Rock,1,1.0,subset_prompt
4,spacing_punct,light,"Instruction: You may see typos, extra   spaces unusual Unicode (full-width or look-alike characters), or emoji. Mentally normalize and infer the intended meaning. Respond with only the U.S. state capital, no extra words or   punctuation.
Question: What is the capital of the U.S. state of Arkansas Answer:",Little Rock,Arkansas,0,0.0,subset_prompt
4,spacing_punct,heavy," Instruction You may see typos   extra spaces unusual Unicode (full-width or look-alike characters) or emoji Mentally normalize and infer   the intended meaning Respond with only the US state capital no     extra   words or punctuation
Question What is the capital of the US   state of Arkansas Answer",Little Rock,What is the capital of the US state of Arkansas?,0,0.0,subset_prompt
4,unicode_confusables,light,"Iｎｓｔrｕction: Υou maｙ sеe tyрos, eｘｔra sрaces, unusual Unicode (fu1l-widtｈ or loｏκ-alike charaсｔers), or emojі. Μentally normalize αnd іｎfеr the intеnded mеaning. Respοnd with only ｔhе U.5. ѕtatе ｃapіtal, no extra words or punсｔuａtiοn.
Question: What іs thе capital of tｈe U.S. state of Arκaｎsas? Ａnswеr:",Little Rock,tatе captal,0,0.0,subset_prompt
4,unicode_confusables,heavy,"Ιnѕtruｃtiοｎ: You ｍay seｅ typοs, ехｔra ѕpαｃｅｓ, uｎuѕua1 Uｎісodе (fu1l-widｔh or lｏｏk-αlｉκe charαcｔеrѕ), or еmoji. Meｎｔa1lу ｎormaliｚe anｄ іnfer tһe inｔeｎdeｄ meaniｎg. Rеsрｏnd wіtｈ οnlу ｔhе U.5. sｔaｔe сａрｉｔαl, no eхｔrα words or puｎctuａtiοn.
Questіon: Whａt is the ｃapiｔαl of tһe U.S. staｔe of Arκansas? Αnѕwｅr:",Little Rock,U.5. state,0,0.0,subset_prompt
4,emoji,light,"Instruction: You may see typos, extra spaces, unusual Unicode (full-width or look-alike characters), or emoji. Mentally normalize and infer the intended meaning. Respond with only the U.S. state ca 🗺️ pital, no extra words or punctuation. Question: What is the capital ⭐ of the U.S. state of 🙂 Arkansas 📍? Answer:",Little Rock,pital,0,0.0,subset_prompt
4,emoji,heavy,"Instruction: You may see typos, extra spaces, unusual Unicode 🗺️ (full-width or look-alike characters) ⭐ , or emoji. Men 🙂 tally normalize and infer the int ⭐ ended meaning. Re 📎 sp 🙂 ond with only the U.S. state capital, no extra words or punctuation. Question: What is the capital of the U.S. state of ✨🙂 Arkansas 📍⭐? Answer:",Little Rock,Fort Smith,0,0.0,subset_prompt
5,typos,light,"Instruction: You may see typos, extra spaces, unusual Unicode (full-width or look-alike characters), or emoji. Mentally normalize and infer the intended meaning. Respond with only the U.S. state capital, no extra words or punctuation.
Question: What is the capital 8of the U.S. state of Californla? Answer:",Sacramento,Sacramento,1,1.0,subset_prompt
5,typos,heavy,"Instruction: You may see tyopos, extra spaces, unusua, Unicode (full-width or look-alike charafters), or emoji. Mentally norma,ize and infer the intended meaning. Respond with only the U.Q. state capital, no extra words or punctuation.
Question: What is the capital of the U.S. state of California? Answer:",Sacramento,Sacramento,1,1.0,subset_prompt
5,spacing_punct,light,"Instruction: You may see typos extra spaces, unusual Unicode (full-width or look-alike characters),   or emoji Mentally normalize and infer the intended   meaning. Respond with only the U.S. state capital, no extra words or punctuation.
Question: What is the capital of the U.S. state of California? Answer:   ",Sacramento,Sacramento,1,1.0,subset_prompt
5,spacing_punct,heavy," Instruction You may see typos extra spaces   unusual Unicode (full-width or look-alike characters) or   emoji Mentally normalize and infer the intended meaning Respond with only   the US   state   capital no extra words or punctuation
Question What is the capital of the   US state of California Answer   ",Sacramento,What is the capital of the US state of California,0,0.0,subset_prompt
5,unicode_confusables,light,"Ｉnstruсtiοn: Υou may see ｔypos, extra spaces, unｕsual Uniсοdе (ful1-width or looκ-alike chαrαｃtｅrs), or еmoji. Mentally normalize and infer the intended meaning. Resрond with on1y the U.S. state capital, nο еxtrａ wordｓ or puｎctuaｔion.
Quesｔіon: What iｓ the capіta1 ｏf the U.S. sｔate οf Ｃαlifornіa? Ａnswer:",Sacramento,San Francisco,0,0.0,subset_prompt
5,unicode_confusables,heavy,"Ｉnsｔruсtіοn: Yοu ｍαу see tурos, eхｔrα ｓpaсеs, uｎuｓual Unіcodе (ful1-ｗidｔһ or 1ook-a1іκе cһaracｔers), οr eｍοji. Μeｎｔαllу norｍαｌｉze αnd infеr thе iｎｔеｎdеd ｍеαning. Rеsрoｎd wiｔһ οｎｌy ｔhe U.S. staｔe capita1, no extｒα wοｒdｓ or рuｎｃｔuatiοn.
Queѕｔiοn: Wｈaｔ іs tｈe capiｔa1 οf ｔhе Ｕ.Ｓ. ѕtatе of Сaliforniα? Αｎswer:",Sacramento,1ook-a1е caracters,0,0.0,subset_prompt
5,emoji,light,"Instruction: You may see typos, extra spaces, unusual Unicode (full-width or look-a 📍 like characters), or emoji. Mentally normalize and infer the intended meaning. Respond with only the U.S. state capital, n ✨ o extra words or punctuation. Question: What is the capital of the U.S. state of 🙂 California 📍? Answer:",Sacramento,Sacramento,1,1.0,subset_prompt
5,emoji,heavy,"✅ Instruction: You ma ⭐ y see typos, extra spaces, unusual Unicode (full-width or look-alike char 📍 acters), or emoji. Mentally 📍 normalize and infer the intended 🗺️ meaning. Respond with only the U.S. state capital, no extra words or punctuation. Quest 🧭 ion: What is the capital of the U.S. state of ✨🙂 California 📍⭐? Answer:",Sacramento,Sacramento,1,1.0,subset_prompt
10,typos,light,"Instruction: You may see typos, extra spaces, unusual Unicode (full-width or look-alike characters), or emoji. Mentally normalize and infer the intended meaning. Despond with only the U.S. state capital, no extra words or punctuation.
Question: What 6is the capital of the U.S. state of Georgia? Answer:",Atlanta,What 6is the capital of the U.S. state of Georgia?,0,0.0,subset_prompt
10,typos,heavy,"Instruction: You may see typos, extra spaces, unusual Unicode (full-width or look-al7ke characters), or emoji. Mentally normalize and inf1r the intended meaning. Respond with only the U.S. state capital, no extra words or punctuation.
Quest8on: What is the capital of the U.S. state of Grorgia? Snswer:",Atlanta,Atlanta,1,1.0,subset_prompt
10,spacing_punct,light," Instruction: You   may see typos, extra spaces, unusual Unicode (full-width or look-alike characters), or emoji. Mentally normalize and   infer the intended meaning. Respond with only the U.S. state capital, no extra words or punctuation
Question: What is the capital of the U.S state of Georgia? Answer:",Atlanta,Atlanta,1,1.0,subset_prompt
10,spacing_punct,heavy," Instruction You may see typos   extra spaces unusual Unicode (full-width or look-alike characters) or emoji Mentally normalize and infer the intended meaning Respond with only the US state capital no extra       words or punctuation
Question What is the capital of the US state of     Georgia Answer   ",Atlanta,What is the capital of the US state of Georgia?,0,0.0,subset_prompt
10,unicode_confusables,light,"Instruсtion: You may see tуpos, extra spacеs, uｎuѕua1 Unicode (fuｌl-width or ｌοok-alike сharacters), οr emoji. Μeｎtally nοrmalіze and inｆer thе intｅnded ｍeαning. Respond wіth οnly tһe Ｕ.S. statе capital, no exｔra wοrds or punctuation.
Quｅѕtion: Whaｔ is the ｃapｉtαl of the U.5. ѕtate of Gеorgia? Aｎsｗer:",Atlanta,unuua1,0,0.0,subset_prompt
10,unicode_confusables,heavy,"Insｔｒuctіοn: Υοｕ mαу sеe tyрos, ехtrα spaces, ｕｎusua1 Uｎicode (fｕl1-widｔh οr loοκ-a1ike cһαrαcterѕ), οr еｍoji. Menｔａlly ｎοrmαliｚе and iｎfer tｈe iｎteｎdеd ｍeαnіnｇ. Ｒeѕpoｎd wiｔh onlу ｔhe U.S. ѕtａtе сαpiｔal, no еxtrａ wοrds or punctｕαtіοn.
Queѕtiｏn: Whａｔ іs ｔｈе сaрiｔa1 of ｔһе Ｕ.5. stａｔe ｏｆ Georgіa? Αｎswer:",Atlanta,tatе сpital,0,0.0,subset_prompt
10,emoji,light,"Instruction: You may see typos, extra spaces, unusual Unicode (full-width or look-alike characters), or emoji. Mentally normalize and infer the intended meaning. Respond with only t ⚪ he U.S. state capital, no extra words or punctuation. Question: What is the capital of the U.S. stat 🙂 e of Georgia? Answer:",Atlanta,Atlanta,1,1.0,subset_prompt
10,emoji,heavy,"Instru 📍 ction: You may see 🙂 typos, extra spaces, unusual Unicode (full-width or look-alike characters), or emo ⭐ ji. Mentall ✨ y normalize and infer the intended meaning. Respond with only the U.S 🙂 . sta ⭐ te capital, no extra words or punctuation. Question: What is the capital of the U.S. state of ✨🙂 Georgia 📍⭐? Answer:",Atlanta,Atlanta,1,1.0,subset_prompt
11,typos,light,"8nstruction: You may see typos, extra spaces, unusual Unicode (full-width or look-alike characters), or emoji. Mentally normalize and infer the intended meaning. Respond with only the U.S. state capital, no extra words or 9punctuation.
Question: What is the capital of the U.S. state of Hawaii? Answer:",Honolulu,Honolulu,1,1.0,subset_prompt
11,typos,heavy,"Instructkiojn: You kay see typos, extra spaces, unusual Unicode (full-awidth or look-alike characters), or emoji. Mentally normalize and infer the intended meaning. Respond with only the U.S. state cap7ital, no extra words or punctuation.
Question: What is the capital of the U.S. state of Hawaii? Answer:",Honolulu,Honolulu,1,1.0,subset_prompt
11,spacing_punct,light,"Instruction: You may see typos, extra spaces unusual Unicode (full-width or look-alike characters), or emoji. Mentally normalize and infer the intended meaning. Respond with only the U.S. state capital, no extra words or punctuation.
Question: What is the capital of     the U.S. state of Hawaii? Answer   ",Honolulu,Honolulu,1,1.0,subset_prompt
11,spacing_punct,heavy," Instruction You may see typos extra spaces unusual Unicode (full-width   or look-alike characters) or emoji Mentally   normalize and infer the   intended meaning   Respond with only the US state capital no extra words or   punctuation
Question What is the capital of   the US state of Hawaii Answer   ",Honolulu,What is the capital of the US state of Hawaii,0,0.0,subset_prompt
11,unicode_confusables,light,"Ιnｓｔrucｔion: Yοu may ｓee ｔyрos, extra spαceｓ, unusｕal Uｎicode (full-widtｈ or look-alіke cһaraсtеrs), or emoji. Mentally normαlize aｎd infer the intеnded ｍeaniｎg. Respond with oｎly ｔhe U.S. ѕtａｔe capіtal, ｎo eхtra words or punctuaｔiｏn.
Quеstion: What is thе capіtal of the U.S. state of Hαwαii? Anѕwer:",Honolulu,Hwii,0,0.0,subset_prompt
11,unicode_confusables,heavy,"Ｉｎsｔruсｔіｏn: You ｍaу seｅ tуpos, ｅxtrα spaceｓ, unusuαl Unicοdе (ful1-wｉdｔh οr lｏοk-αlіke chαｒαcteｒs), or еmoji. Μeｎta1ly ｎorｍａlize and іｎfer the inteｎdеd ｍеanіｎg. Ｒеsрond witһ οn1ｙ the U.5. ѕtαｔe cαpｉta1, no eхtrα wｏｒdѕ οr punctuaｔiοｎ.
Quеsｔiοｎ: What іs ｔhе cαpiｔal of ｔhe U.S. sｔatе οf Hαwaіi? Αｎѕwer:",Honolulu,"tte cpita1, no e",0,0.0,subset_prompt
11,emoji,light,"Instruction: You may see typos, extra spaces, unusual Unicode (full-width or look-alike characters), or emoji. Mentally normalize and infer the intended meaning. Respond with only the U.S. state capital, no extra words or punctuation. Question: What is t 🧭 he capital of the U.S. s 🧭 tate of Hawaii? Answer:",Honolulu,Honolulu,1,1.0,subset_prompt
11,emoji,heavy,"Instruction: You may see typos, extra spaces, 🧭 unusual Unicode (full-width or look-alike characters), 🧭 or emoji. Mentally normalize and infer the intended ⚪ meaning. Respon 🧭 d with only the U.S. state capital, no extra words or punc ⭐ ⚪ tuation. Question: What is the capital of the U.S. state of ✨🙂 Hawaii 📍⭐? Answer:",Honolulu,Honolulu,1,1.0,subset_prompt
12,typos,light,"Instruction: You may see typos, extra spaces, unusual Unicode (full-width or look-alike characters), or emoji. Mentally normalize and infer the intended meaning. Respond with only the U.S. state capital, no extra words or [punctuation.
Question: What is the capital of the U.S. s3ate of Idaho? Answer:",Boise,Idaho Falls,0,0.0,subset_prompt
12,typos,heavy,"Instructilon: You may see typos, extra spaces, unusual Unicode (full-width or look-alioke characters), or emoji. Mentally normalize snd infer the igtended meaning. Respond with only the U.S. state capital, no extra words or puhctuation.
Question: What is the capital of the U.S. state of Idaho? Answer:",Boise,Boise,1,1.0,subset_prompt
12,spacing_punct,light," Instruction: You may see typos, extra spaces, unusual Unicode (full-width or look-alike characters), or emoji. Mentally normalize and infer the intended meaning Respond with only the U.S. state capital, no extra words or punctuation.
Question What is   the capital of the   U.S. state of Idaho? Answer:",Boise,Idaho Falls,0,0.0,subset_prompt
12,spacing_punct,heavy,"Instruction You may see   typos extra spaces unusual Unicode (full-width or look-alike characters) or   emoji   Mentally normalize and   infer   the intended meaning Respond with only the US state capital no extra words or punctuation
Question What is   the capital of the US state of Idaho Answer",Boise,Idaho,0,0.0,subset_prompt
12,unicode_confusables,light,"Instruction: You mαy see typos, eхtra spacеѕ, unuѕuαl Unicodе (ful1-widtһ οr look-alike chαracters), or ｅmoji. Mеntally normalize and infer ｔhe inｔendеd ｍeaniｎg. Resｐoｎd witｈ onlу the U.5. state сapital, no extra wοrdѕ οr ｐuncｔuation.
Questіon: Whαt іs the ｃapiｔal oｆ the U.S. state of Idaho? Answеr:",Boise,Idaho,0,0.0,subset_prompt
12,unicode_confusables,heavy,"Iｎѕｔructіon: Ｙou mａу ѕeе ｔypｏｓ, extra spαｃеｓ, uｎuｓuαl Unicode (fu11-widｔһ οr 1οoｋ-aliκe chαrαсｔｅrｓ), oｒ еmojｉ. Mеｎtallу nοrmalіze and infer tһe iｎteｎdｅd mеαnіng. Rеsponｄ wｉth onｌy the U.S. ѕtate сαрitαl, ｎo еｘｔra wｏrds or punｃtuａtiοn.
Qｕesｔion: Whαｔ iѕ ｔhe cαpіｔal of ｔһe U.S. ｓｔate oｆ Idaһo? Answеr:",Boise,unusul Unicode (fu11-widt,0,0.0,subset_prompt
12,emoji,light,"Instruction: You may see typos, extra spaces, unusual Unicode (full-width or look-alike characters), or emoji. Mentally normalize and infer the intended meaning. Respond with only the U.S. state capital, no extra 🙂 words or punctuation. Questi 🔹 on: What is the capital of the U.S. state of 🙂 Idaho 📍? Answer:",Boise,Idaho,0,0.0,subset_prompt
12,emoji,heavy,"Instruction: Yo ✨ u may 📍 see typos, extra spaces, unusual Unicode (full-width or look-alike characters), 🧭 or emoji. Mentally normalize ⭐ and infer the ⭐ intended meaning. Respond with only the ✨ U.S. state capital, no extra words or punctuation. Question: What is the capital of the U.S. state of ✨🙂 Idaho 📍⭐? Answer:",Boise,Boise,1,1.0,subset_prompt
13,typos,light,"Instruction: You may see typos, extra spasces, unusual Unicode (full-width or look-alike characters), or emoji. Mentally normslize and infer the intended meaning. Respond with only the U.S. state capital, no extra words or punctuation.
Question: What is the capital of the U.S. state of Illinois? Answer:",Springfield,Chicago,0,0.0,subset_prompt
13,typos,heavy,"Instruction: You may see typos, extrs spaces, 7unusual Unicode (full-width or look-alike charactders), or emoji. Mentally normalize and ibnfer the intended meaning. Respond with only the U.S. state capital, no extra words or punctuation.
Question: What is the capi5tal of the U.S. state of Illinois? Answer:",Springfield,Chicago,0,0.0,subset_prompt
13,spacing_punct,light," Instruction: You may see typos, extra spaces, unusual Unicode (full-width or look-alike characters), or emoji. Mentally normalize and infer the intended meaning. Respond with only the US. state capital, no extra words or punctuation.
Question: What is the capital   of   the U.S. state of Illinois? Answer   ",Springfield,Chicago,0,0.0,subset_prompt
13,spacing_punct,heavy," Instruction You may see typos extra spaces unusual   Unicode (full-width or look-alike       characters) or emoji Mentally normalize and infer the intended meaning Respond with only the US state   capital   no extra words or punctuation
Question What is the capital of the US state of Illinois Answer   ",Springfield,What is the capital of the US state of Illinois,0,0.0,subset_prompt
13,unicode_confusables,light,"Instruction: Υou mａy see typos, extrα sрacеs, unusual Unicode (fu1l-ｗidth or look-alike characters), or emoji. Meｎｔαlｌy nοrmalize and infer thе intеｎded meanіng. Respοnd with oｎly thе U.5. state ｃaрiｔa1, nο eхtra words or рunctuaｔion.
Quеѕtion: Wһat is the cａpita1 of the U.S. stαte οf Il1inois? Αnswer:",Springfield,"U.5. state caрita1, n etra",0,0.0,subset_prompt
13,unicode_confusables,heavy,"Instruction: Υοu maу sеe ｔypos, exｔrα ѕрαсeѕ, unｕsuaｌ Unісodе (fｕll-ｗіdtｈ or lοοｋ-a1ikе chαｒacｔeｒѕ), ｏr еｍojі. Mеｎta1lｙ ｎoｒma1izе aｎｄ іnfｅr ｔһe iｎｔenｄed mеαｎiｎg. Ｒeѕpοnd ｗіth ｏnlу ｔhe U.S. ѕｔatе сapital, no exｔｒa wordѕ or pｕｎсtuation.
Questіon: Wһat is ｔһe capіtａ1 ｏf ｔhе U.S. staｔе of Ｉllｉｎoiѕ? Answеｒ:",Springfield,te U.S. tatе сapital,0,0.0,subset_prompt
13,emoji,light,"Instruction: You may see typos, extra spaces, unusual Unicode (full-width or look-alike characters), or emoji. Mentally normalize an ✅ d infer the intended meaning. Respond with only the U.S. state capital, no extra words or punctuation. Question: What is the capital of the U.S. state o ✅ f Illinois? Answer:",Springfield,Chicago,0,0.0,subset_prompt
13,emoji,heavy,"Instru ✨ ction: You may see typos, extra spaces, unusual Unicode (full-width or 🙂 look-alike chara ⭐ cters), or emoji. Mentally normalize and infer the intended meaning. Respond with o 📍 nly the U.S. state capital, no extra words or punctuation. Question: What is the 🔹 capital of the U.S. state of Illi ⭐ nois? Answer:",Springfield,Illi  nois,0,0.0,subset_prompt
17,typos,light,"Instruction: You may see typos, extra spaces, unusual Unicode (full-width or look-alike characters), or remoji. Mentally normalize znd infer the intended meaning. Respond with only the U.S. state capital, no extra words or punctuation.
Question: What is the capital of the U.S. state of Kentucky? Answer:",Frankfort,Louisville,0,0.0,subset_prompt
17,typos,heavy,"Instruction: You kmay see typos, extra spaces, ugnusual Unicode (full-width or look-alike chsaracters), or rmoji. Mentally normalize and infer the intended meaning. Respond with only the U.S. state capital, no extra words or punctuation.
Question: What is the capital of the U.S. shate of Kentucky? Answer:",Frankfort,Louisville,0,0.0,subset_prompt
17,spacing_punct,light," Instruction You may see typos, extra spaces, unusual Unicode (full-width or look-alike characters), or emoji. Mentally normalize and infer the intended meaning. Respond with only the U.S. state capital, no extra words or punctuation.
Question: What is the capital of the U.S.   state of Kentucky   Answer:",Frankfort,Louisville,0,0.0,subset_prompt
17,spacing_punct,heavy," Instruction You may see typos extra   spaces   unusual   Unicode (full-width or look-alike characters) or emoji Mentally normalize and infer the intended meaning Respond with only the US state capital no extra   words or punctuation  
Question What is the capital of the US state   of Kentucky Answer   ",Frankfort,What is the capital of the US state of Kentucky,0,0.0,subset_prompt
17,unicode_confusables,light,"Iｎsｔruction: Yοu may ѕee typοs, eхｔrα ѕрaces, uｎusｕal Uniсode (ful1-width or looκ-alｉke characterѕ), or еmoji. Μentally noｒma1іze aｎd infer thｅ inｔеｎded meαning. Resрond wiｔｈ οnly ｔhｅ U.S. state capita1, no extrα words οr punctｕaｔiｏn.
Quｅstion: What is the caріｔa1 οf ｔｈe U.S. staｔe οｆ Keｎｔuсκy? Answer:",Frankfort,no extr words r punctuation,0,0.0,subset_prompt
17,unicode_confusables,heavy,"Ιｎѕｔｒuctіon: Υou mαy sее tyрoѕ, eхｔrα spaсеѕ, uｎuѕuαl Uｎｉсοde (fu11-widｔһ οr lοok-a1ike cһaraсteｒs), or eｍοji. Μenｔαｌly norｍalіze and infеr ｔhе іntеnｄеd ｍеaｎinｇ. Respｏnd wｉｔһ oｎ1y ｔｈе Ｕ.5. stαｔe capiｔa1, ｎο eｘtra wοrds οr рuｎctuatіon.
Qｕestiοn: Whαｔ іѕ tһe сapіtαl οf tһｅ U.S. ѕtαte οf Kеnｔucｋy? Aｎswеr:",Frankfort,n extra wrds r рun,0,0.0,subset_prompt
17,emoji,light,"Instruction: You may see typos, extra spaces, unusual Unicode (full-width or look-alike characters), or emoji. Mentally normalize and infer the intended meaning. Respond with only the U.S. state capital, no extra words or punct ✅ uation. Question: What is the capital of the U.S. state of 🙂 Kentucky 📍? Answer: 🧭",Frankfort,Louisville,0,0.0,subset_prompt
17,emoji,heavy,"Instruction: You may see typos, extra 📎 spaces, unusual Unicod 🔹 e (full- 🙂 width or look-alike characters), or emoji. Mentall 📎 y normalize and infer the intended meaning ⚪ . Respond with only the U.S. stat 📍 e capital, no extra words or punctuation. Question: What is the capital of the U.S. state of ✨🙂 Kentucky 📍⭐? Answer:",Frankfort,Louisville,0,0.0,subset_prompt
20,typos,light,"Instruction: You may see typos, extra spaces, unusual Unicode (full-width or look-alike ctaracters), or emoji. Mentally normalize and infer the infended meaning. Respond with only the U.S. state capital, no extra words or punctuation.
Question: What is the capital of the U.S. state of Maryland? Answer:",Annapolis,Baltimore,0,0.0,subset_prompt
20,typos,heavy,"Instruction: You may see typos, extra spaces, unusual Unisode (full-width or look-alike characters), or emoji. Mentally norkalize and infer the intended meaning. Respond with only the U.S. state capital, no wxtra words or punctuation.
Question: What is th3 capital of the U.S. state of Marylxnd? Answer:",Annapolis,th3 capital of the U.S. state of Marylxnd,0,0.0,subset_prompt
20,spacing_punct,light," Instruction: You may see typos extra spaces, unusual Unicode (full-width or look-alike characters), or emoji.   Mentally normalize and infer the intended meaning. Respond with only the U.S. state capital no extra words or punctuation.
Question: What is the capital of the U.S. state of Maryland?   Answer:",Annapolis,Baltimore,0,0.0,subset_prompt
20,spacing_punct,heavy,"Instruction You may see typos extra spaces unusual Unicode     (full-width or look-alike characters) or emoji Mentally   normalize   and infer the intended meaning Respond with only the     US state capital no extra words or punctuation
Question What is the capital of the US state of Maryland Answer",Annapolis,What is the capital of the US state of Maryland,0,0.0,subset_prompt
20,unicode_confusables,light,"Iｎstruсtion: You may see ｔypoѕ, extra spaces, unuѕual Unicode (fu1l-width οr look-alike сharacters), or emoｊi. Menｔa1lу ｎorｍalize aｎd infer thе intended meaｎing. Ｒeѕpond with oｎly the U.S. stａte cａpital, ｎo extra words or punctuatіoｎ.
Queｓtion: Wｈat is tһe capital of tһe U.S. state οf Marylaｎd? Aｎswｅr:",Annapolis,Baltimore,0,0.0,subset_prompt
20,unicode_confusables,heavy,"Instruсtiοｎ: You ｍaу seｅ tуpοѕ, eｘtra ѕрaceѕ, unusｕａl Ｕnісοde (fu1l-widｔһ oｒ 1oｏk-alｉκе сharacｔеrs), or еｍojі. Menｔα11y normαlize ａｎd іnfer ｔһe iｎtendｅd ｍeaｎinｇ. Respond witһ on1у the U.S. stαｔе cαpіｔal, no eхtra words οr puｎctｕαtｉoｎ.
Quеstiοn: Whaｔ іѕ tһe сapitαl oｆ ｔһе U.S. state oｆ Maｒylａnd? Αnswеr:",Annapolis,cptal,0,0.0,subset_prompt
20,emoji,light,"Instruction: You may see typos, extra spaces, unusual Unicode (full-width or look-alike characters), or emoji. Mentally normalize a ✨ nd infer the intended mean 📎 ing. Respond with only the U.S. state capital, no extra words or punctuation. Question: What is the capital of the U.S. state of 🙂 Maryland 📍? Answer:",Annapolis,Baltimore,0,0.0,subset_prompt
20,emoji,heavy,"Instruction: You may see t 📎 ypos, extra spaces, unu 🙂 sual Unicode (full-width or look-a ✅ like characte 📎 rs), or emoji. M ✨ entally normalize and infer the intended 🧭 meaning. Respond with only the U.S. state capital, no extra words or punctuation. Question: What is the capital of the U.S. state of ✨🙂 Maryland 📍⭐? Answer:",Annapolis,Baltimore,0,0.0,subset_prompt
22,typos,light,"Instruction: You may sse typos, extra spaces, unusual Unicode (full-width or look-alike characters), or emoji. Mentally normalize and infer the intended mewning. Respond with only the U.S. state capital, no extra words or punctuation.
Question: What is the capital of the U.S. state of Michigan? Answer:",Lansing,Detroit,0,0.0,subset_prompt
22,typos,heavy,"Instruction: Gou mqy see typos, extra spaces, unusual Unicode (full-width or look-alike characters), or emoji. Mentally normalize and infer the intended meaning. Respond with only the U.S. shate capital, no extra words or punctuation.
Questi9on: What is the capital of 4the U.S. state of Michigan? Answer:",Lansing,4the U.S. state of Michigan?,0,0.0,subset_prompt
22,spacing_punct,light," Instruction You may see typos, extra spaces, unusual Unicode (full-width or look-alike characters),     or emoji. Mentally normalize and infer the intended meaning. Respond with only the U.S state capital, no extra words or punctuation.
Question: What is the capital of the U.S. state of Michigan? Answer:",Lansing,Detroit,0,0.0,subset_prompt
22,spacing_punct,heavy,"Instruction You may see typos extra spaces unusual Unicode (full-width or look-alike characters) or emoji Mentally normalize and     infer     the intended meaning Respond   with only the   US state capital no extra words or punctuation
Question What is the capital of the US state of Michigan Answer",Lansing,What is the capital of the US state of Michigan?,0,0.0,subset_prompt
22,unicode_confusables,light,"Ｉnstrｕcｔiｏn: You mαy sеe tуpos, extrα spaces, uｎusual Unicodе (full-width or 1ook-aｌike characters), οr еmoｊi. Mentally normalizｅ ａnd іnfеr ｔhe intendеd ｍеaｎｉng. Respoｎd wіth onlу the U.S. ѕtate capita1, nｏ еxtrα words οr punсtuatiοn.
Question: What is the capiｔal ｏf the U.S. state of Michigａｎ? Ａnswеr:",Lansing,Detroit,0,0.0,subset_prompt
22,unicode_confusables,heavy,"Ｉnstruсｔｉon: Υoｕ mαу see ｔyрοs, extrα spαcеѕ, uｎusuａl Uniｃoｄе (full-width oｒ look-a1iκe ｃһaraсｔers), οr eｍｏji. Μеｎta1ly ｎormaｌize and ｉnｆer the intеnded mеａnіｎg. Ｒeѕpond witһ oｎly tһе Ｕ.S. ѕｔαｔе cａpіta1, ｎｏ ехｔra wοrdѕ οr puｎcｔｕαtｉon.
Quеѕtіon: What ｉѕ the cαｐiｔal of ｔhe U.5. ѕtate ｏf Miсhіgan? Ａnswеr:",Lansing,te U.S. ttе cap,0,0.0,subset_prompt
22,emoji,light,"Instruction: You may see typos, extra spaces, unusual Unicode (full-width or look-alike characters), or emoji. Mentally normalize and infer the 🔹 intended meaning. Respond with only the U.S. state capital, no extra words or punctuation. Question: What is the capital of the U.S. sta 🧭 te of Michigan? Answer:",Lansing,Michigan,0,0.0,subset_prompt
22,emoji,heavy,"Instruction: You may see typos, extra spaces, unus 📎 ual Unicode (full-width or look-alike charact 🙂 ers), or emoji. Mentally normalize and infer the intended meaning. Respond with only the U.S. s 🧭 tate capital, no extra words or punctuation. 🧭 Question ⭐ : What is the c 📍 apital of the U.S. state of ✨🙂 Michigan 📍⭐? Answer:",Lansing,Detroit,0,0.0,subset_prompt
24,typos,light,"Instruction: You may see typos, extra spaces, unusual Unidcode (full-width or look-alike characters), or emoji. Mentally normalize and infer the intended meaning. Respond with only the U.S. state capital, no ext3ra words or punctuation.
Question: What is the capital of the U.S. state of Mississippi? Answer:",Jackson,Jackson,1,1.0,subset_prompt
24,typos,heavy,"Instruction: You may see typos, extra spaces, unusual Unicode (full-width or look-alike charaxcters), or emoji. Mentally mormalize and infer the intehnded meaning. Respond with only the U.S. state capital, no extra words or punctuation.
Question: What is the capifal of the U.S. state of Mississippi? QAnswer:",Jackson,Jackson,1,1.0,subset_prompt
24,spacing_punct,light,"Instruction: You may see typos, extra spaces, unusual Unicode (full-width or look-alike characters), or emoji. Mentally normalize and infer the   intended meaning. Respond with only the US. state capital, no extra words or punctuation.
Question What is   the capital of the U.S. state of Mississippi? Answer:",Jackson,Jackson,1,1.0,subset_prompt
24,spacing_punct,heavy," Instruction You may see typos extra spaces unusual Unicode   (full-width   or look-alike characters) or   emoji Mentally normalize and infer the intended meaning Respond with   only the US   state capital no extra words or punctuation
Question What is   the capital of the US state of Mississippi Answer",Jackson,What is the capital of the US state of Mississippi,0,0.0,subset_prompt
24,unicode_confusables,light,"Ιnѕtruсtion: Υou may sеe typos, extra sрａceѕ, unｕsual Unicοdе (fulｌ-widｔh or look-alikｅ cһaraｃtｅrѕ), or emojі. Μеntally normalize and ｉnfer ｔhe intended meaning. Respond with oｎly ｔһе Ｕ.S. state capitαl, no extrα words or puｎctuαtіon.
Questіoｎ: Whαt is the сapіtal of thе U.5. stαte of Missisѕippi? Answer:",Jackson,Mississippi,0,0.0,subset_prompt
24,unicode_confusables,heavy,"Ιnstｒuｃｔiοｎ: You mαy sеe tуpos, eхtrα sｐαсes, unuѕuα1 Unісοdе (ｆull-wiｄｔh οr lοok-α1ike cһαracｔеrs), οr emοjі. Mеntally ｎormａlizｅ aｎd infеr thе іｎtendеd ｍeanіｎg. Reѕpοｎd wіth οnlу the U.Ｓ. stαｔe сαpiｔal, ｎo ехｔrα wordѕ οr punctuatіοn.
Qｕestіoｎ: Whαｔ іs tһe cαpіtal of ｔhｅ Ｕ.5. sｔaｔe of Μіssіssіpｐｉ? Αｎswer:",Jackson,stte,0,0.0,subset_prompt
24,emoji,light,"Instruction: You may see typos, extra spaces, unusual Unicode (full-width or lo 🙂 ok-alike characters), or ✅ emoji. Mentally normalize and infer the intended meaning. Respond with only the U.S. state capital, no extra words or punctuation. Question: What is the capital of the U.S. state of 🙂 Mississippi 📍? Answer:",Jackson,Jackson,1,1.0,subset_prompt
24,emoji,heavy,"Instruction: You may see typos, extra spaces, unu 📎 sual Unicode (full-width or look-alike characters), 🗺️ ✨ or emoji. Mentally normalize and infer the intended meaning. Respond with only the U.S. state capital, no extra w 🙂 ords or punctuation. Que ⚪ stion: What is the capital of the U.S. state of Miss ✨ issippi? Answer:",Jackson,Miss  issippi,0,0.0,subset_prompt
25,typos,light,"Instruction: You may see typos, extra spaces, unusual Unicode (full-width or look-alike characters), or emoji. Mentally nodmalize and infer the intended meaning. Respond with only the U.S. state capital, no extra words or punctuation.
Question: What is 4he capital of the U.S. state of Missouri? Answer:",Jefferson City,St. Louis,0,0.0,subset_prompt
25,typos,heavy,"Instruction: You may see typos, extra spacfs, unusual Unicode (full-width or look-alike characters), or emoji. Mentally normalize and infer the intended meaning. Respond with only the U.QS. state capital, no extra w9ords or punctuation.
Question: What is tge capital of the U.S. state or Missouri? Answer:",Jefferson City,Missouri,0,0.0,subset_prompt
25,spacing_punct,light," Instruction: You may see typos, extra spaces, unusual Unicode (full-width or look-alike characters), or emoji. Mentally normalize and infer the intended meaning. Respond with only the U.S. state capital, no extra words or punctuation.    
Question What is the capital of the U.S state of Missouri? Answer:   ",Jefferson City,St. Louis,0,0.0,subset_prompt
25,spacing_punct,heavy," Instruction You may see typos extra spaces unusual Unicode   (full-width or look-alike characters) or emoji Mentally normalize and     infer the intended meaning Respond with only the US state   capital no extra words or   punctuation
Question   What is the capital of the US state of Missouri Answer   ",Jefferson City,What is the capital of the US state of Missouri,0,0.0,subset_prompt
25,unicode_confusables,light,"Instrucｔion: You may see typοѕ, extra spaｃеs, unusual Unicodе (ful1-widｔh oｒ look-α1ike charactеrѕ), or еmojі. Menta1ly norma1ize and infer ｔһе iｎteｎded ｍeaniｎg. Respond with ｏｎ1y thе U.S. sｔaｔｅ capitaｌ, no eхｔra words or punctuαtion.
Quеѕtion: Whαt is the сaｐitaｌ of ｔhe U.S. ѕtaｔе of Missouri? Answer:",Jefferson City,St. Louis,0,0.0,subset_prompt
25,unicode_confusables,heavy,"Ιnsｔruсtion: Υοu mαy ѕee ｔｙрοѕ, eｘtrα ѕрaｃеs, unuѕuα1 Ｕｎiсode (fu11-width ｏr 1ooκ-αｌіκe charactеrs), or emojі. Meｎtαlly ｎｏrｍalіzе aｎd ｉnfer the iｎtendеd meαniｎg. Reѕpοnd wіｔh on1у ｔhe U.S. staｔe cαpital, no eхtrａ wοrdѕ oｒ pｕｎсtuaｔion.
Ｑuеѕｔіoｎ: Whａt іѕ tｈe сαрiｔαｌ of thе U.Ｓ. stａte of Μіssouri? Aｎswеr:",Jefferson City,cpital,0,0.0,subset_prompt
25,emoji,light,"Instruction: You may see typos, extra spaces, unusual Unicode (full-width or look-alike characters), or emoji. Mentally normalize and infer the 🔹 intended meaning. Respond with only the U.S. state capital, no extra words or punctuation. Question: What is the cap 🔹 ital of the U.S. state of 🙂 Missouri 📍? Answer:",Jefferson City,St. Louis,0,0.0,subset_prompt
25,emoji,heavy,"Instruction: You may s ✨ ee typos, extra spaces, unusual Unicode (full-widt ✨ h or look-alike characters), or emoji. Mentally normalize and infer the intended meaning. R 🗺️ espon 🗺️ d with only the U.S. state cap 🧭 ital, no extra words or punctuation 📎 . Question: What is the capital of the U.S. state of ✨🙂 Missouri 📍⭐? Answer:",Jefferson City,unanswerable,0,0.0,subset_prompt
26,typos,light,"Instruction: You may see typos, extra spaces, unusual Unicode (full-width or look-alike characters), or emoji. Mentally normalize and indfer the intended meaning. Respond with only the U.S. state capital, no extra words or punctuation.
Question: What is the capigal of the U.S. state of Montana? Answer:",Helena,Missoula,0,0.0,subset_prompt
26,typos,heavy,"Ibnstruction: You may see typos, extra spaces, unusual Ubicode (fkll-width or look-alike characters), or emoji. Mentally normalize and indfer the intended meaning. Respond with only the U.S. state capital, no extra words or punctuation.
Question: What is the capital of the U.S. state of Montana? Answer:",Helena,Missoula,0,0.0,subset_prompt
26,spacing_punct,light," Instruction: You may see typos extra spaces, unusual Unicode (full-width or look-alike characters), or emoji. Mentally normalize   and infer   the intended meaning. Respond with only the U.S. state capital, no extra words or punctuation.
Question: What is the capital of the US. state of Montana? Answer:",Helena,Helena,1,1.0,subset_prompt
26,spacing_punct,heavy,"Instruction You may see   typos extra spaces   unusual Unicode   (full-width or look-alike characters) or emoji Mentally normalize     and infer the intended meaning Respond with only the   US state capital no extra words or punctuation
Question What is the capital of the US state of Montana Answer   ",Helena,What is the capital of the US state of Montana,0,0.0,subset_prompt
26,unicode_confusables,light,"Ｉnｓtruсtion: Yοu may ѕｅe ｔуpos, еxtrα spαcеs, unuѕual Uｎicode (ful1-width or lοｏｋ-aｌike characters), or emοji. Mentallу ｎormαlіzе and iｎfer the iｎtended meaning. Rеsponｄ wіth only the U.S. sｔate сapita1, no extra wｏrds or punctuation.
Questiｏn: Wｈαｔ iѕ the сapital οf ｔhe U.S. staｔе oｆ Monｔaｎa? Anѕwеr:",Helena,Rеspond wth only the U.S. state с,0,0.0,subset_prompt
26,unicode_confusables,heavy,"Instructіοn: Ｙou may see typos, extra spaceѕ, unusuαl Unicodе (ｆu1l-widｔｈ οr lοοk-alіke сｈαractеrｓ), οr еmoji. Mеｎtα1ｌy normalize αｎd ｉnｆеｒ tһe intｅndеd meaniｎg. Resрond wіth oｎ1y the U.Ｓ. ѕtαtｅ cαріｔa1, ｎo eхｔra wｏrds οｒ punсtuatｉοｎ.
Quesｔіon: What іs the capіtａｌ οｆ tһe U.S. ѕｔatе oｆ Ｍοnｔaｎa? Anѕwer:",Helena,cрta1,0,0.0,subset_prompt
26,emoji,light,"Instruction: You may see typos, extr 🙂 a spaces, unusual Unicode (full-width or look-alike characters), or emoji. Mentally normalize and infer the intended mean ✨ ing. Respond with only the U.S. state capital, no extra words or punctuation. Question: What is the capital of the U.S. state of 🙂 Montana 📍? Answer:",Helena,Helena,1,1.0,subset_prompt
26,emoji,heavy,"I ✨ nstruction: You may see typos ✨ , extra spaces, unusual Unicode (full-width or l 🔹 ook-alike characters), or emoji. Mentally norm 📍 alize and infer 🧭 the intended meaning. Respond with only the U.S. state capital, no extra words or punctuation. Question: What is the capital of th ⭐ e U.S. state of ✨🙂 Montana 📍⭐? Answer:",Helena,Helena,1,1.0,subset_prompt
27,typos,light,"Instruction: You may see typos, extra spaces, unusual Unicode (full-width o4r look-alike characters), or emoji. Mentaplly normalize and infer the intended meaning. Respond with only the U.S. state capital, no extra words or punctuation.
Question: What is the capital of the U.S. state of Nebraska? Answer:",Lincoln,Omaha,0,0.0,subset_prompt
27,typos,heavy,"Instructuion: You may see typos, extra spaces, unusual Unicode (full-w6dth o3r look-alike characters), or emoji. Mentally normalize and infer the intended meaning. Rexpond with only the U.S. state capital, no extra words lor punctuation.
Question: What is the capital of the U.S. state of Nebraska? Answer:",Lincoln,Omaha,0,0.0,subset_prompt
27,spacing_punct,light,"Instruction: You may see typos, extra spaces, unusual Unicode (full-width or look-alike characters) or emoji. Mentally normalize and infer the intended meaning. Respond with only the U.S state capital, no extra words or punctuation.
Question: What is the capital of the U.S.   state   of Nebraska? Answer:",Lincoln,Omaha,0,0.0,subset_prompt
27,spacing_punct,heavy," Instruction You may see typos extra spaces unusual Unicode (full-width or look-alike characters) or emoji Mentally normalize and infer the   intended meaning Respond with only the US state capital no   extra   words or punctuation    
Question What is the capital of   the US state of Nebraska Answer   ",Lincoln,What is the capital of the US state of Nebraska,0,0.0,subset_prompt
27,unicode_confusables,light,"Ιｎѕtruction: You may sеe typos, extra sрaсes, unusual Unicode (full-wiｄth or loοk-alike cһaraсｔerѕ), or eｍoji. Μentallу nοrmalize and infеr the іntended ｍeaning. Resрond ｗith only thе U.S. state cαpital, nο extra worｄs or ｐunctuαtion.
Queѕtioｎ: Whαt is ｔhe capital of thｅ U.S. state οf Nebraѕka? Ansｗer:",Lincoln,Winnebago,0,0.0,subset_prompt
27,unicode_confusables,heavy,"Ιnѕtructіοｎ: Yοｕ mαy sее tуpoѕ, exｔra spαceѕ, unuѕｕα1 Unicode (fu1l-widｔh οr lοoκ-αlike chαｒactｅrs), οr еmojі. Meｎtα1ly ｎοrmaｌize and іｎfer ｔhе іnｔеｎded mеaniｎg. Reｓpｏｎｄ wiｔh οｎlу thｅ U.5. ѕtαｔе capіtα1, no eхｔrα words oｒ punсtuαｔіοn.
Queѕｔioｎ: Wһat iѕ ｔhｅ cａpitα1 οf thе U.S. ѕtaｔe οf Nеbrasκa? Anѕｗer:",Lincoln,no etr words or punсtut,0,0.0,subset_prompt
27,emoji,light,"Instruction: You may see typos, extra spaces, unusual Unicode (full-width or look-alike characters), or emoji. Mentally normalize and infer the intended meaning. Respond with only the U.S. state capital, n 🧭 o extra words or punctua ⭐ tion. Question: What is the capital of the U.S. state of 🙂 Nebraska 📍? Answer:",Lincoln,Omaha,0,0.0,subset_prompt
27,emoji,heavy,"Instruction: You may see typos, extra s ⭐ paces 🗺️ , unusual Unicode (full-width or look-alike characters), or emoji. Mentally normalize and infer the intended 📎 meaning. Respond with only the U.S. state capi 🗺️ tal, no extra words or p 🧭 unctuatio 🙂 n. Question: What is the capital of the U.S. state of ✨🙂 Nebraska 📍⭐? Answer:",Lincoln,Omaha,0,0.0,subset_prompt
30,typos,light,"Instruction: You may see typos, extra spaces, unusual Unicode (full-width or look-alike cnharacters), or emoji. Mentally normalkize and infer the intended meaning. Respond with only the U.S. state capital, no extra words or punctuation.
Question: What is the capital of the U.S. state of New Jersey? Answer:",Trenton,Newark,0,0.0,subset_prompt
30,typos,heavy,"Inst3ruction: You may see typos, extra spaces, unusual Unicode (full-width or look-alike dcharacters), or emoji. Mentallg normalize and infer the intended meaning. Respond witth only the U.S. state capital, no extra words or punctuation.
Q7estion: What is the capital of the U.S. state of New Jersey? Answer:",Trenton,Newark,0,0.0,subset_prompt
30,spacing_punct,light," Instruction You may see typos, extra spaces, unusual Unicode (full-width or look-alike characters), or emoji.   Mentally normalize and infer the intended meaning. Respond with only the U.S. state capital, no extra words or punctuation.
Question: What is the capital of the U.S state of New   Jersey? Answer:",Trenton,Newark,0,0.0,subset_prompt
30,spacing_punct,heavy,"Instruction You   may see typos extra spaces unusual Unicode (full-width or look-alike characters) or emoji Mentally   normalize and infer     the intended meaning Respond with only the US state   capital no extra words   or punctuation
Question What is the capital of the US state of New Jersey Answer",Trenton,What is the capital of the US state of New Jersey?,0,0.0,subset_prompt
30,unicode_confusables,light,"Inѕｔructiοn: You mａy see ｔypos, exｔra spaceѕ, unuѕual Unicοde (fu1l-wіdth οr looκ-alikе сharacterѕ), οr еmoji. Mentally norma1ize aｎd infеr the inteｎded mеaning. Reѕpond wiｔh oｎly thе U.Ｓ. state cａpita1, no extra words oｒ рunctuatｉon.
Question: What is ｔhe capiｔal of thе U.S. state of New Jersey? Answer:",Trenton,Trenton,1,1.0,subset_prompt
30,unicode_confusables,heavy,"Insｔruсtіοn: Υou maу sеe tyрοs, eхｔrα sрaceѕ, uｎｕsｕα1 Uｎicodｅ (fuｌ1-width oｒ 1οoκ-ａlike ｃharacterѕ), οr еmoji. Meｎtａlｌy ｎorｍαlіze and infеr the iｎtended mеαniｎg. Resрond witһ οnｌy the U.5. ѕtate capiｔα1, ｎo eхtra wοrds or punсtuαtｉοｎ.
Quеѕtiοｎ: Whaｔ is the cαpital oｆ ｔhe Ｕ.5. sｔate οf New Jеrѕey? Aｎswer:",Trenton,capit1,0,0.0,subset_prompt
30,emoji,light,"Instruction: You may see typos, extra spaces, unusual Unicode (full-width or look-alike characters), or emoji. Mentally normalize and infer the intended meaning. Respond with 🔹 only the U.S. state capital, no extra words or punctuation. Question: What is the capit 🔹 al of the U.S. state of 🙂 New Jersey 📍? Answer:",Trenton,"only the U.S. state capital, no extra words or punctuation",0,0.0,subset_prompt
30,emoji,heavy,"Instruction: You may see typos, extra spaces, unusual Unicode (full-widt 🗺️ h or look-alike characters), or emoji. Mentally normalize and i ✨ nfer the intended meaning. Respond with only the U.S. state capital, no extra ⚪ 📍 words or punctuation. Que ⚪ stion: What is t 🧭 he capital of the U.S. state of ✨🙂 New Jersey 📍⭐? Answer:",Trenton,Trenton,1,1.0,subset_prompt
32,typos,light,"Instruction: You may see typos, estra spaces, unusual Unicode (full-width or look-alike characters), or emoji. Mentally normalize and infer the intended meaning. Respond with only the U.S. state capital, no extra worss or punctuation.
Question: What is the capital of the U.S. state of New York? Answer:",Albany,New York,0,0.0,subset_prompt
32,typos,heavy,"Instruction: You may see tjypos, extra spaces, unusual Unicode (full-width or look-al8ike characters), or demoji. Mentally normalize and infer the intended meaning. Respond with only the U.S. state capital, no extra words or punctuation.
Question: What ies th2e capital of the U.S. state of New York? Answer:",Albany,New York?,0,0.0,subset_prompt
32,spacing_punct,light," Instruction: You may see typos, extra spaces, unusual Unicode (full-width or look-alike characters), or emoji Mentally normalize and infer the intended meaning.   Respond with only the U.S. state capital, no extra words or punctuation.
Question: What is the   capital of the U.S. state of New York Answer:",Albany,New York,0,0.0,subset_prompt
32,spacing_punct,heavy," Instruction You may see typos extra spaces unusual Unicode (full-width or look-alike characters) or emoji Mentally normalize     and infer the intended   meaning Respond with only the US   state capital no extra words or punctuation
Question     What is the capital of the US state of New York Answer   ",Albany,What is the capital of the US state of New York?,0,0.0,subset_prompt
32,unicode_confusables,light,"Insｔructioｎ: You maу see ｔуpoѕ, еxtra sｐacеs, unusuaｌ Unіcode (full-wіｄth or looκ-aliκe сhaｒacters), οr emojі. Menta1ly ｎormａlіzе aｎd inｆer the inteｎded meaning. Respond with only tｈe U.S. staｔe capіｔal, no extra words or punctuａtion.
Quеstion: Wһat is thе сapital of the U.5. sｔate of New Ｙorκ? Answer:",Albany,New Yor,0,0.0,subset_prompt
32,unicode_confusables,heavy,"Insｔruсｔіoｎ: You may seｅ tyрos, еxtrａ ѕрacеs, uｎusuα1 Uｎｉcode (ful1-wіdｔh οr lοok-alike сharaсｔеrs), or eｍoji. Mｅｎta1ly nοrｍa1іｚe and infеr thе intendеd ｍeαnіng. Reѕpond with on1у the U.S. ѕｔαｔe сaрitα1, ｎo eхtra words or рuncｔuatіoｎ.
Quesｔion: Whaｔ is ｔｈe сaрｉtal οf tһe U.S. stαｔe οf Ｎew Yοrｋ? Αｎswer:",Albany,no etra words or рunctuaton,0,0.0,subset_prompt
32,emoji,light,"Instruction: You may see typos, extra spaces, unusual Unicode (full-width or loo 🙂 k-alike characters), or emoji. Mentally 📍 normalize and infer the intended meaning. Respond with only the U.S. state capital, no extra words or punctuation. Question: What is the capital of the U.S. state of 🙂 New York 📍? Answer:",Albany,New York,0,0.0,subset_prompt
32,emoji,heavy,"Instruction: You may see typos, extra spaces, unu 🙂 sual Unicode (f 📍 ✅ ull-width or look-alike characters), or emoji. Mentally normalize and infer the intended meaning. Res ✨ pond with on 🙂 ly the U.S. state cap 🙂 ital, no extra words or punctuation. Question: What is the capital of the U.S. state of ✨🙂 New York 📍⭐? Answer:",Albany,Res  pond with on  ly the U.S.,0,0.0,subset_prompt
36,typos,light,"Instruction: You may see typos, extra spaces, unusual Unicode (full-width or look-alike characters), or emoji. Mentzlly normalize and infer the intended mseaning. Respond with only the U.S. state capital, no extra words or punctuation.
Question: What is the capital of the U.S. state of Oklahoma? Answer:",Oklahoma City,Oklahoma City,1,1.0,subset_prompt
36,typos,heavy,"Instruction: Yoiu may se3e typos, extra spaces, unusual Unicode (full-width or look-alile characters), or emoj7. Mentally normalize and infer the intended meaning. Respond with only the U.S. state capitail, no extra words or punctuation.
Question: What is the capital of the U.S. state of Oklahoma? Answer:",Oklahoma City,Oklahoma,0,0.6666666666666666,subset_prompt
36,spacing_punct,light," Instruction: You may see typos extra spaces, unusual Unicode (full-width or look-alike characters), or emoji. Mentally normalize and infer the intended meaning. Respond with     only the U.S. state capital, no extra words or punctuation.
Question: What is the capital of the U.S. state of Oklahoma Answer:   ",Oklahoma City,Oklahoma,0,0.6666666666666666,subset_prompt
36,spacing_punct,heavy,"Instruction You may       see typos extra spaces unusual Unicode (full-width or look-alike characters) or emoji Mentally normalize and infer the intended meaning Respond with only the US state capital no       extra words or punctuation
Question What is the capital of the US state of Oklahoma Answer",Oklahoma City,Oklahoma,0,0.6666666666666666,subset_prompt
36,unicode_confusables,light,"Instrucｔioｎ: You ｍay see tyｐoѕ, extra spacеѕ, unusua1 Uｎicode (full-width oｒ lｏok-alｉkｅ ｃharacters), or emojｉ. Menｔαlly normalize αnd infeｒ ｔhе intended meaｎіng. Respond wiｔh οnly ｔhe U.S. stαte cαрｉtal, no eхｔra words or punｃtuａtion.
Qｕеstion: What is tһе cαpitαl of ｔｈｅ U.S. staｔе of Oklahoma? Aｎswer:",Oklahoma City,cрital,0,0.0,subset_prompt
36,unicode_confusables,heavy,"Ιｎsｔrｕсtіοｎ: Yοu ｍαy ѕｅе tурos, extrα ѕpαces, unusuαｌ Uｎicodе (fu1l-widｔh or 1ook-alikе cһａraсters), or еmοji. Μenｔal1у normαlizе αｎd infеr tｈе iｎtеndеd meαnіｎg. Rеѕрonｄ wіｔh οｎly ｔһе U.S. ѕtaｔe caрｉｔα1, no exｔra ｗorｄѕ οr puｎcｔｕαｔіon.
Quеsｔіοｎ: Wһαｔ is tһe capіｔa1 of the U.Ｓ. sｔαtе ｏf Oklahoｍα? Anѕwer:",Oklahoma City,Rерond wth n only t,0,0.0,subset_prompt
36,emoji,light,"Instruction 📍 : You may see typos, extra spaces, unusual Unicode (full-wid 📍 th or look-alike characters), or emoji. Mentally normalize and infer the intended meaning. Respond with only the U.S. state capital, no extra words or punctuation. Question: What is the capital of the U.S. state of 🙂 Oklahoma 📍? Answer:",Oklahoma City,Oklahoma City,1,1.0,subset_prompt
36,emoji,heavy,"Instruction: You may see typos, extra spaces, unusual Unicode (full-width or look-alike c ⚪ haracters), or emoji. Mentally normalize and infer the intended ✨ mean ✅ ing. Res 🗺️ pond with only the U.S. state capital, no extra words or punctuation. Question: What is the capital of 🙂 the U.S. state of ✨🙂 Oklahoma 📍⭐? Answe ⚪ r:",Oklahoma City,Oklahoma,0,0.6666666666666666,subset_prompt
39,typos,light,"Instruction: You may see typos, extra spaces, unusual Unicode (full-width or look-alike characters), or emoji. Mentally normalize and infer the intended meaning. Respond with only hthe U.S. state capital, no extra words or punctuation.
Question: Wmat is the capital of the U.S. state of Rhode Island? Answer:",Providence,Wmat is the capital of the U.S. state of Rhode Island?,0,0.0,subset_prompt
39,typos,heavy,"Instruction: You may esee typos, extra spaces, unusual Unicode (full-width or loolk-alike characters), or emoji. Mentally normalize and infer the intended meaning. Respond with only the U.S. statfe capital, no extra words or punctuation.
Question: What is the capital of the U.ZS. state of Rhode Islahnd? Answer:",Providence,Rhode Island,0,0.0,subset_prompt
39,spacing_punct,light," Instruction: You may see typos extra   spaces unusual Unicode (full-width or look-alike characters), or emoji. Mentally normalize and infer the intended meaning. Respond with only the U.S. state capital, no extra words or punctuation.
Question: What is the capital of the U.S. state of   Rhode Island? Answer:   ",Providence,Rhode Island,0,0.0,subset_prompt
39,spacing_punct,heavy," Instruction   You may see typos extra spaces unusual Unicode (full-width or look-alike   characters) or emoji Mentally normalize and infer the intended meaning Respond with only the   US state     capital no extra words or punctuation
Question What is the   capital of the US state of Rhode Island Answer",Providence,Rhode Island,0,0.0,subset_prompt
39,unicode_confusables,light,"Instrｕсｔioｎ: You maу see tyрοѕ, еｘtra spaсes, uｎuѕual Unіｃode (ful1-width or 1oοk-alіｋe сһαrａctеrs), or emοｊi. Meｎtally norma1ize aｎd іnfer the iｎtendеd ｍeaning. Rｅspond wiｔh onlｙ the U.5. statе caрitａl, nο extra words or punctuation.
Question: Wһat is thｅ capital of the U.S. sｔaｔe of Rhoｄe Island? Αnѕwеr:",Providence,nwеr,0,0.0,subset_prompt
39,unicode_confusables,heavy,"Ιnѕｔrucｔion: Ｙou mαу seе ｔурos, еxｔra spαｃｅѕ, unuｓuαl Unіcοdе (fｕll-wіdtһ ｏr ｌοok-alｉkе charaｃｔеｒѕ), or emojі. Μenｔal1у ｎοｒｍalіze αnd іnfеr ｔhe inｔended mеaning. Rеspoｎｄ with οnlу ｔｈe U.S. ѕtαｔе ｃaрitαl, no ｅxtra wοrdѕ ｏr рunｃtuatｉｏn.
Quеstion: Ｗһaｔ is ｔһe cαpiｔαl of the U.S. staｔe of Ｒһοde Ιsland? Answｅr:",Providence,ttе,0,0.0,subset_prompt
39,emoji,light,"Instruction: You may see typos, extra spaces, unusual Unicode (full-width or look-alike characters), or emoji. Mentally normalize and infer the intended meaning. Respond with only the U.S. sta 🙂 te capital, no extra words or punctuation. Question: What is the capital of ✅ the U.S. state of 🙂 Rhode Island 📍? Answer:",Providence,the U.S. state of  Rhode Island ?,0,0.0,subset_prompt
39,emoji,heavy,"Instruction: You may se ✅ e typos, extra spaces, 📎 unusual Unicode (full-width or look-alike characters), or emoji. Mentally normalize and infer the intende ⚪ d meaning. Respond with 📎 only the U.S. state capital, no extra words or punctuation. Question: What is t ⭐ he capital of the U.S. state of ✨🙂 Rhode Island 📍⭐? 🧭 Answer:",Providence,Providence,1,1.0,subset_prompt
40,typos,light,"Instruction: You may see typos, extra spaces, unusual Unicode (full-width or look-alik1e characters), or emoji. Mentally normalize and infer the intended meaning. Redspond with only the U.S. state capital, no extra words or punctuation.
Question: What is the capital of the U.S. state of South Carolina? Answer:",Columbia,Charleston,0,0.0,subset_prompt
40,typos,heavy,"Instruvction: You may see typos, extra spaces, unusual Unicode (full-width or look-alike characters), or emoji. Mentally normalize and infer tbe intended meanijg. Rsspond with only the U.S. state capital, no extra words or punctuation.
Qhestion: What is the capital of the U.S. state of South Carolina? Answer:",Columbia,Charleston,0,0.0,subset_prompt
40,spacing_punct,light," Instruction: You may see typos, extra spaces unusual Unicode (full-width or look-alike characters) or emoji. Mentally normalize and infer the intended meaning. Respond with only the U.S. state   capital, no extra words or punctuation.
Question: What   is the capital of the U.S. state of South Carolina? Answer:",Columbia,Charleston,0,0.0,subset_prompt
40,spacing_punct,heavy," Instruction You may see typos extra spaces   unusual Unicode (full-width   or look-alike characters) or emoji Mentally normalize and infer the intended   meaning Respond with only   the US state capital no extra words   or punctuation
Question What is the capital of the US   state of South Carolina Answer   ",Columbia,Charleston,0,0.0,subset_prompt
40,unicode_confusables,light,"Instruction: You ｍaу see ｔypos, eхｔra spαces, unusual Unicode (full-wіdth or look-aｌike charaсtеrs), oｒ emοji. Mentally ｎormaｌize and infer thｅ intended ｍеaning. Respond with οｎly the U.S. state caрital, no extra words or рunctuatioｎ.
Questiοn: Whａt is the сaріta1 οf the U.5. sｔate oｆ South Carolina? Answer:",Columbia,Charleston,0,0.0,subset_prompt
40,unicode_confusables,heavy,"Iｎsｔructｉｏｎ: Yοu mαу ѕee tуpοs, eхｔra ѕpαceѕ, uｎusual Uniсοdе (fu1l-widtһ oｒ 1ook-α1ｉκе сһaｒαсtеrｓ), oｒ emοji. Μеntally noｒｍaｌіze αｎd ｉnfеr ｔhe іnｔended meａniｎg. Respｏnｄ wіth oｎlｙ ｔhе Ｕ.S. ѕｔaｔе сapіtal, ｎo extra wοrds or punctuaｔіοｎ.
Questioｎ: Ｗһaｔ iѕ tｈe сapiｔa1 of ｔhｅ U.5. staｔe of 5ouｔh Caro1iｎa? Αnѕwer:",Columbia,tatе,0,0.0,subset_prompt
40,emoji,light,"Instruction: You may see typos, extra spaces, unusual Unicode (f ✨ ull-width or look-alike characters), or emoji. Mentally normalize and infer the intended meaning. Respond with only the U.S. state capital, no extra words or pu 📍 nctuation. Question: What is the capital of the U.S. state of 🙂 South Carolina 📍? Answer:",Columbia,Charleston,0,0.0,subset_prompt
40,emoji,heavy,"Instructio ⚪ n: You may see typos, extra spaces, unusual Unicode (full-width or look-alike characters), or emoji. Mentall 🗺️ y normalize and infer the intended meaning. Respond with only the 🙂 U.S. state capi 🗺️ tal, no extra words or punctuation. Question: What is the capital of the U.S. state of ✅ South Carolina? Answer: 📎",Columbia,Charleston,0,0.0,subset_prompt
46,typos,light,"Instruction: You may see typos, extra spaces, unusual Unicod2 (full-width or look-alike characters), or emoji. Mentally normalize ajnd infer the intended meaning. Respond with only the U.S. state capital, no extra words or punctuation.
Question: What is the capital of the U.S. state of Virginia? Answer:",Richmond,Richmond,1,1.0,subset_prompt
46,typos,heavy,"Instruct7ion: You may see typos, extra spaces, unusual Unicofe (full-width or ;ook-alike characters), or emoji. Mentally normalize and infer the intended meaning. Respond with onlj the U.S. state capital, no extra words or punctuation.
Question: What is the capital of the U.S. s3tate of Virginia? Answer:",Richmond,Richmond,1,1.0,subset_prompt
46,spacing_punct,light," Instruction You may   see typos, extra spaces, unusual Unicode (full-width or look-alike characters), or emoji. Mentally normalize and infer the intended meaning. Respond with only the U.S. state capital, no   extra words or punctuation.
Question: What is the capital of the U.S state of Virginia? Answer:",Richmond,Richmond,1,1.0,subset_prompt
46,spacing_punct,heavy,"Instruction You may see typos extra spaces unusual Unicode (full-width or look-alike characters) or emoji Mentally normalize and infer the intended meaning     Respond with only the US state capital no extra words or punctuation
Question   What is   the capital   of the US   state of Virginia Answer   ",Richmond,What is the capital of the US state of Virginia,0,0.0,subset_prompt
46,unicode_confusables,light,"Instructiｏｎ: You ｍay see typos, ехｔra spaces, unusual Unicode (full-wіdth or loοｋ-alikе сhαracters), or emojі. Menta1ly noｒmalize aｎd infeｒ ｔhе inteｎded meaning. Respond wіth on1у the U.S. stａte capiｔal, no extra words or punctｕatioｎ.
Quеｓtion: Whαt is ｔhe caｐital of the U.S. staｔe ｏf Virgiｎia? Answеr:",Richmond,Wht is the capital of the U.S. state of Virginia,0,0.0,subset_prompt
46,unicode_confusables,heavy,"Instructіon: Υou mαy ѕee ｔypοs, exｔｒａ ѕｐαcеs, uｎusual Uｎіcodе (ｆull-width or lｏok-α1іke cһαracterѕ), oｒ emｏji. Μеntallу ｎormａ1ize aｎd іnfeｒ thｅ ｉｎｔeｎded meanіｎg. Respoｎd wіth οｎlｙ tһе U.5. ѕtａｔе сaｐｉtα1, nο exｔra worｄs οｒ рunсｔuatioｎ.
Queѕtiοn: Wһαt ｉs tһe ｃapital of ｔһｅ U.S. stαte οf Virgiｎіa? Answer:",Richmond,Norfolk,0,0.0,subset_prompt
46,emoji,light,"Instruction: You may see ⭐ typos, extra spaces, unusual Unicode (full-width or look-alike characters), or emoji. Mentally normalize and infer the intended meaning. Respond with only the U.S. state capital, no 🗺️ extra words or punctuation. Question: What is the capital of the U.S. state of 🙂 Virginia 📍? Answer:",Richmond,Hampton Roads,0,0.0,subset_prompt
46,emoji,heavy,"Ins 🗺️ truction: You may see typos, extra spaces, ✨ unusual Unicode (full-w 🙂 idth or look-alike characters), or e 🧭 moji. Mentally normalize and infer the intended meaning. Respond with o 🔹 nly the 🙂 U.S. state capital, no extra words or punctuation. Question: What is the capital of the U.S. state of ✨🙂 Virginia 📍⭐? Answer:",Richmond,Richmond,1,1.0,subset_prompt
1,clean,none,"Instruction: You may see typos, extra spaces, unusual Unicode (full-width or look-alike characters), or emoji. Mentally normalize and infer the intended meaning. Respond with only the U.S. state capital, no extra words or punctuation. Question: What is the capital of the U.S. state of Alabama? Answer:",Montgomery,Tuscaloosa,0,0.0,subset_preproc_prompt
4,clean,none,"Instruction: You may see typos, extra spaces, unusual Unicode (full-width or look-alike characters), or emoji. Mentally normalize and infer the intended meaning. Respond with only the U.S. state capital, no extra words or punctuation. Question: What is the capital of the U.S. state of Arkansas? Answer:",Little Rock,Little Rock,1,1.0,subset_preproc_prompt
5,clean,none,"Instruction: You may see typos, extra spaces, unusual Unicode (full-width or look-alike characters), or emoji. Mentally normalize and infer the intended meaning. Respond with only the U.S. state capital, no extra words or punctuation. Question: What is the capital of the U.S. state of California? Answer:",Sacramento,Sacramento,1,1.0,subset_preproc_prompt
10,clean,none,"Instruction: You may see typos, extra spaces, unusual Unicode (full-width or look-alike characters), or emoji. Mentally normalize and infer the intended meaning. Respond with only the U.S. state capital, no extra words or punctuation. Question: What is the capital of the U.S. state of Georgia? Answer:",Atlanta,Atlanta,1,1.0,subset_preproc_prompt
11,clean,none,"Instruction: You may see typos, extra spaces, unusual Unicode (full-width or look-alike characters), or emoji. Mentally normalize and infer the intended meaning. Respond with only the U.S. state capital, no extra words or punctuation. Question: What is the capital of the U.S. state of Hawaii? Answer:",Honolulu,Honolulu,1,1.0,subset_preproc_prompt
12,clean,none,"Instruction: You may see typos, extra spaces, unusual Unicode (full-width or look-alike characters), or emoji. Mentally normalize and infer the intended meaning. Respond with only the U.S. state capital, no extra words or punctuation. Question: What is the capital of the U.S. state of Idaho? Answer:",Boise,Idaho Falls,0,0.0,subset_preproc_prompt
13,clean,none,"Instruction: You may see typos, extra spaces, unusual Unicode (full-width or look-alike characters), or emoji. Mentally normalize and infer the intended meaning. Respond with only the U.S. state capital, no extra words or punctuation. Question: What is the capital of the U.S. state of Illinois? Answer:",Springfield,Chicago,0,0.0,subset_preproc_prompt
17,clean,none,"Instruction: You may see typos, extra spaces, unusual Unicode (full-width or look-alike characters), or emoji. Mentally normalize and infer the intended meaning. Respond with only the U.S. state capital, no extra words or punctuation. Question: What is the capital of the U.S. state of Kentucky? Answer:",Frankfort,Louisville,0,0.0,subset_preproc_prompt
20,clean,none,"Instruction: You may see typos, extra spaces, unusual Unicode (full-width or look-alike characters), or emoji. Mentally normalize and infer the intended meaning. Respond with only the U.S. state capital, no extra words or punctuation. Question: What is the capital of the U.S. state of Maryland? Answer:",Annapolis,Baltimore,0,0.0,subset_preproc_prompt
22,clean,none,"Instruction: You may see typos, extra spaces, unusual Unicode (full-width or look-alike characters), or emoji. Mentally normalize and infer the intended meaning. Respond with only the U.S. state capital, no extra words or punctuation. Question: What is the capital of the U.S. state of Michigan? Answer:",Lansing,Detroit,0,0.0,subset_preproc_prompt
24,clean,none,"Instruction: You may see typos, extra spaces, unusual Unicode (full-width or look-alike characters), or emoji. Mentally normalize and infer the intended meaning. Respond with only the U.S. state capital, no extra words or punctuation. Question: What is the capital of the U.S. state of Mississippi? Answer:",Jackson,Jackson,1,1.0,subset_preproc_prompt
25,clean,none,"Instruction: You may see typos, extra spaces, unusual Unicode (full-width or look-alike characters), or emoji. Mentally normalize and infer the intended meaning. Respond with only the U.S. state capital, no extra words or punctuation. Question: What is the capital of the U.S. state of Missouri? Answer:",Jefferson City,St. Louis,0,0.0,subset_preproc_prompt
26,clean,none,"Instruction: You may see typos, extra spaces, unusual Unicode (full-width or look-alike characters), or emoji. Mentally normalize and infer the intended meaning. Respond with only the U.S. state capital, no extra words or punctuation. Question: What is the capital of the U.S. state of Montana? Answer:",Helena,Helena,1,1.0,subset_preproc_prompt
27,clean,none,"Instruction: You may see typos, extra spaces, unusual Unicode (full-width or look-alike characters), or emoji. Mentally normalize and infer the intended meaning. Respond with only the U.S. state capital, no extra words or punctuation. Question: What is the capital of the U.S. state of Nebraska? Answer:",Lincoln,Omaha,0,0.0,subset_preproc_prompt
30,clean,none,"Instruction: You may see typos, extra spaces, unusual Unicode (full-width or look-alike characters), or emoji. Mentally normalize and infer the intended meaning. Respond with only the U.S. state capital, no extra words or punctuation. Question: What is the capital of the U.S. state of New Jersey? Answer:",Trenton,Newark,0,0.0,subset_preproc_prompt
32,clean,none,"Instruction: You may see typos, extra spaces, unusual Unicode (full-width or look-alike characters), or emoji. Mentally normalize and infer the intended meaning. Respond with only the U.S. state capital, no extra words or punctuation. Question: What is the capital of the U.S. state of New York? Answer:",Albany,New York,0,0.0,subset_preproc_prompt
36,clean,none,"Instruction: You may see typos, extra spaces, unusual Unicode (full-width or look-alike characters), or emoji. Mentally normalize and infer the intended meaning. Respond with only the U.S. state capital, no extra words or punctuation. Question: What is the capital of the U.S. state of Oklahoma? Answer:",Oklahoma City,Oklahoma City,1,1.0,subset_preproc_prompt
39,clean,none,"Instruction: You may see typos, extra spaces, unusual Unicode (full-width or look-alike characters), or emoji. Mentally normalize and infer the intended meaning. Respond with only the U.S. state capital, no extra words or punctuation. Question: What is the capital of the U.S. state of Rhode Island? Answer:",Providence,Providence,1,1.0,subset_preproc_prompt
40,clean,none,"Instruction: You may see typos, extra spaces, unusual Unicode (full-width or look-alike characters), or emoji. Mentally normalize and infer the intended meaning. Respond with only the U.S. state capital, no extra words or punctuation. Question: What is the capital of the U.S. state of South Carolina? Answer:",Columbia,Charleston,0,0.0,subset_preproc_prompt
46,clean,none,"Instruction: You may see typos, extra spaces, unusual Unicode (full-width or look-alike characters), or emoji. Mentally normalize and infer the intended meaning. Respond with only the U.S. state capital, no extra words or punctuation. Question: What is the capital of the U.S. state of Virginia? Answer:",Richmond,Richmond,1,1.0,subset_preproc_prompt
1,typos,light,"Instruction: You may see typos, extra s[aces, unusual Unicode (full-width or look-alike characters), or emoji. Mentally normalize and infer the intended meaning. Respond with only the U.S. state capital, no extra words or punctuation. Question: What 6s the capital of the U.S. state of Alabama? Answer:",Montgomery,Tuscaloosa,0,0.0,subset_preproc_prompt
1,typos,heavy,"Instruction: You may see typos, extra spaces, unusual Unicode (full-width or loo,-akike fharacters), or emoji. Mentally normalize and infer the intended meaning. Respond with only the U.S. state capital, no extra words or pugnctuation. Question: What is the capital of th2 U.S. state of Alabama? Answer:",Montgomery,Tuscaloosa,0,0.0,subset_preproc_prompt
1,spacing_punct,light,"Instruction: You may see typos, extra spaces, unusual Unicode (full-width or look-alike characters), or emoji. Mentally normalize and infer the intended meaning Respond with only the U.S. state capital, no extra words or punctuation Question: What is the capital of the U.S. state of Alabama? Answer:",Montgomery,What is the capital of the U.S. state of Alabama?,0,0.0,subset_preproc_prompt
1,spacing_punct,heavy,Instruction You may see typos extra spaces unusual Unicode (full-width or look-alike characters) or emoji Mentally normalize and infer the intended meaning Respond with only the US state capital no extra words or punctuation Question What is the capital of the US state of Alabama Answer,Montgomery,What is the capital of the US state of Alabama,0,0.0,subset_preproc_prompt
1,unicode_confusables,light,"Instruction: You may see typos, extra srases, unusual Unisode (full-width or look-alike characters), or emoji. Mental1u normalize and infer the intended meaning. Redzpond with on1y the U.S. state capita1, no extra words or punctuation. Question: What is the capital of the U.S. state of Alabama? Answer:",Montgomery,"Redzpond with on1y the U.S. state capita1, no",0,0.0,subset_preproc_prompt
1,unicode_confusables,heavy,"Instruction: You may see turodz, ekhtra spases, unusua1 Unicode (full-width or look-alike characters), or emoji. Mentallu normalize and infer the intended meaning. Respond with only the U.5. state capital, no extra words or punstuation. Question: What is the carita1 of the U.S. state of Alabama? Andzwer:",Montgomery,Montgomery,1,1.0,subset_preproc_prompt
1,emoji,light,"Instr uction: You may see typos, extra spaces, unusual Uni code (full-width or look-alike characters), or emoji. Mentally normalize and infer the intended meaning. Respond with only the U.S. state capital, no extra words or punctuation. Question: What is the capital of the U.S. state of Alabama ? Answer:",Montgomery,What is the capital of the U.S. state of Alabama ?,0,0.0,subset_preproc_prompt
1,emoji,heavy,"Instruction: You may see typos, extra spac es, unusual Unicode (full-width or look-alike characters), or emoji. Mentally norma liz e and infer the intended mean ing. Respond with only the U.S. state capital, no extra words or punctuation. Question : What is the capital of the U.S. state of Alabama? Answer:",Montgomery,Tuscaloosa,0,0.0,subset_preproc_prompt
4,typos,light,"Instruction: You may see typos, extra spaces, unusual Unicode (full-width or look-alimke characters), or emoji. Mentally normalize and infer the intended meanijng. Respond with only the U.S. state capital, no extra words or punctuation. Question: What is the capital of the U.S. state of Arkansas? Answer:",Little Rock,Little Rock,1,1.0,subset_preproc_prompt
4,typos,heavy,"Instruction: You may see typos, extra spaces, unuqual Unicode (f5ull-width or look-alike characters), or emoji. Mentally normalize and infed the intsended meaning. Respond with only the U.S. state capital, no extra words or punctuation. Queqstion: What is the capital of the U.S. state of Arkansas? Answer:",Little Rock,Arkansas,0,0.0,subset_preproc_prompt
4,spacing_punct,light,"Instruction: You may see typos, extra spaces unusual Unicode (full-width or look-alike characters), or emoji Mentally normalize and infer the intended meaning. Respond with only the U.S. state capital, no extra words or punctuation. Question: What is the capital of the U.S. state of Arkansas? Answer:",Little Rock,Little Rock,1,1.0,subset_preproc_prompt
4,spacing_punct,heavy,Instruction You may see typos extra spaces unusual Unicode (full-width or look-alike characters) or emoji Mentally normalize and infer the intended meaning Respond with only the US state capital no extra words or punctuation Question What is the capital of the US state of Arkansas Answer,Little Rock,What is the capital of the US state of Arkansas?,0,0.0,subset_preproc_prompt
4,unicode_confusables,light,"Instruction: You mau see typos, extra spaces, unudzual Unicode (full-width or look-alike characters), or emoji. Mentally normalize and infer the intended meaning. Respond with only the U.S. state capital, no extra words or punctuation. Question: What is the capital of the U.S. state of Arkansas? Answer:",Little Rock,Arkansas,0,0.0,subset_preproc_prompt
4,unicode_confusables,heavy,"Instruction: You may dzee turodz, extra dzraces, unudzua1 Unicode (full-width or 1ook-alike charasterdz), or emoji. Menta1lu normalize and infer the intended meaning. Redzpond with on1y the U.5. state capital, no ekhtra words or punctuation. Question: What is the capital of the U.5. state of Arkansas? Answer:",Little Rock,unudzua1,0,0.0,subset_preproc_prompt
4,emoji,light,"Instruction: You may see typos, extra spaces, unusual Unicode (full-width or look-alike characters), or emoji. Mentally normalize and infer the intended meaning. Respond with only the U .S. state capital, no extra words or punctuation. Question: What is the capital of the U.S. state of Arkansas ? Answer:",Little Rock,What is the capital of the U.S. state of Arkansas ?,0,0.0,subset_preproc_prompt
4,emoji,heavy,"Instruction: You may s ee typos, extra spaces, unusual Unicode (full-width or look-alike c haracters), or emoji. Mentally no rmalize and infer the intended meaning. Respond with only the U.S. state capital, no extra words or punctuatio n. Questi on: What is the capital of the U.S. state of Arkansas ? Answer:",Little Rock,What is the capital of the U.S. state of Arkansas ?,0,0.0,subset_preproc_prompt
5,typos,light,"Instruction: You may see typos, exyra spaces, unusual Unicode (full-width or look-alike characters), or emoji. Mentally normalize and infer the intended meaning. Respond with only the U.S. state capital, no extra words or punctuation. Question: What is the capital of the U.S. state of VCalifornia? Answer:",Sacramento,Sacramento,1,1.0,subset_preproc_prompt
5,typos,heavy,"Instruction: You may see typos, extra spaces, unusual Unicode (full-width or look-aloike characters), or emoji. Mentaplly normalize ansd infer the intended mwaning. Respond with only the U.S. state capital, no extra words or punctuati;n. Question: What is the capital of the U.S. state of California? Answer:",Sacramento,Sacramento,1,1.0,subset_preproc_prompt
5,spacing_punct,light,"Instruction: You may see typos, extra spaces, unusual Unicode (full-width or look-alike characters), or emoji. Mentally normalize and infer the intended meaning. Respond with only the U.S. state capital, no extra words or punctuation Question: What is the capital of the U.S. state of California? Answer",Sacramento,California?,0,0.0,subset_preproc_prompt
5,spacing_punct,heavy,Instruction You may see typos extra spaces unusual Unicode (full-width or look-alike characters) or emoji Mentally normalize and infer the intended meaning Respond with only the US state capital no extra words or punctuation Question What is the capital of the US state of California Answer,Sacramento,What is the capital of the US state of California,0,0.0,subset_preproc_prompt
5,unicode_confusables,light,"Indztruction: You may see tupos, extra dzpaces, unusual Unicode (full-width or look-alike characters), or emoji. Menta1ly normalize and infer the intended meaning. Respond with only the U.S. state capital, no extra words or punctuation. Question: What is the capital of the U.S. state of California? Answer:",Sacramento,Sacramento,1,1.0,subset_preproc_prompt
5,unicode_confusables,heavy,"Instruction: Uou may dzee turodz, extra spaces, unusua1 Unicode (fu1l-width or look-alike charasterdz), or emoji. Mental1u normalize and infer the intended meaning. Redzpond with only the U.S. dztate capital, no ekhtra words or runctuation. Quedztion: What is the capita1 of the U.S. state of Sa1ifornia? Answer:",Sacramento,San1ifornia,0,0.0,subset_preproc_prompt
5,emoji,light,"Instruction: You may see typos, extra spaces, unusual Unicode (full-width or look-alike characters), or emoji. Mentally normalize and infer the intended meaning. Respond with only the U.S. state capital, no extra words or punctuation. Question: Wh at is the capital of the U.S. state of California ? Answer:",Sacramento,Wh at is the capital of the U.S. state of California,0,0.0,subset_preproc_prompt
5,emoji,heavy,"Instruction: You may see typos , extra spaces, unusual Unicode (f ull-width or look-alike characters), or emoji. Mentally normalize a nd infer the intended meaning. Respond with only the U.S. state capital, no extra words or punctuation. Question: What is the capital of the U .S. state of California ? Answer:",Sacramento,What is the capital of the U .S. state of California ?,0,0.0,subset_preproc_prompt
10,typos,light,"Instruction: You may see typos, extra spaces, unusual Unicode (full-width or look-alike characters), or emoji. Mentally normalize ane infer the intended meaning. Respond with only the U.S. state capital, no extra words or punctuation. Question: What is the ca9ital of the U.S. state of Georgia? Answer:",Atlanta,Atlanta,1,1.0,subset_preproc_prompt
10,typos,heavy,"Instruction: You may see typos, extra spaces, unusual Unicode (full-width kr look-alike characters), or emoji. Mentally normalize and infer the inttended meanigg. Respond with only the U.S. state capital, no ext2a words or punctuation. Question: What is the capital of the U.S. state of Georgia? Answer:",Atlanta,Atlanta,1,1.0,subset_preproc_prompt
10,spacing_punct,light,"Instruction: You may see typos, extra spaces, unusual Unicode (full-width or look-alike characters), or emoji. Mentally normalize and infer the intended meaning. Respond with only the US. state capital, no extra words or punctuation. Question: What is the capital of the U.S. state of Georgia Answer:",Atlanta,Atlanta,1,1.0,subset_preproc_prompt
10,spacing_punct,heavy,Instruction You may see typos extra spaces unusual Unicode (full-width or look-alike characters) or emoji Mentally normalize and infer the intended meaning Respond with only the US state capital no extra words or punctuation Question What is the capital of the US state of Georgia Answer,Atlanta,What is the capital of the US state of Georgia?,0,0.0,subset_preproc_prompt
10,unicode_confusables,light,"Instruction: Uou may see typos, extra dzpacedz, unusual Unicode (full-width or look-alike characters), or emoji. Menta1ly normalize and infer the intended meaning. Respond with only the U.S. state capital, no ekhtra words or punctuation. Quedztion: What is the capital of the U.S. state of Georgia? Answer:",Atlanta,Atlanta,1,1.0,subset_preproc_prompt
10,unicode_confusables,heavy,"Instruction: You may see tyros, extra spacedz, unudzua1 Unicode (full-width or look-alike sharacters), or emoji. Mentallu norma1ize and infer the intended meaning. Redzrond with only the U.S. state carita1, no extra worddz or punctuation. Question: What idz the capital of the U.S. dztate of Georgia? Answer:",Atlanta,unudzua1 Unicode (full-width or look,0,0.0,subset_preproc_prompt
10,emoji,light,"Instruction: You may see typos, extra spaces, unusual Unicode (full-width or look-alike characters), or emoji. Mentally normalize and infer the intended meaning. R espond with only the U.S. state capital, no extra words or punctuation. Question: What is the capital of the U.S. state of Georgia ? Answer:",Atlanta,What is the capital of the U.S. state of Georgia ?,0,0.0,subset_preproc_prompt
10,emoji,heavy,"Instruction: You may see typos, extra spaces, unusual Unicode (full- width or look-alike c haracters), or emoji. Mentally normalize and infer the intended meaning. Respond with only the U.S. state capital, no extra words or punctuation. Question: What is the capital of the U.S. state of Georgia? Answer:",Atlanta,Atlanta,1,1.0,subset_preproc_prompt
11,typos,light,"Instruction: You may see typos, extra spaces, unusual Unicode (full-width or look-alike characters), or emoji. Mwntally normalize and infer the intended meaning. Respond with only the U.S. state fapital, no extra words or punctuation. Question: What is the capital of the U.S. state of Hawaii? Answer:",Honolulu,What is the capital of the U.S. state of Hawaii?,0,0.0,subset_preproc_prompt
11,typos,heavy,"Instruction: You may see typos, extra spaces, unusual Unicode (full-width or look-alike characters), og emoji. Mentally normalkize and infer the intended meaning. Respond with only tghe U.S. state capital, no eaxfra words or punctuation. Question: What is the capital of the U.S. state of Hawaii? Answer:",Honolulu,Honolulu,1,1.0,subset_preproc_prompt
11,spacing_punct,light,"Instruction: You may see typos, extra spaces, unusual Unicode (full-width or look-alike characters) or emoji. Mentally normalize and infer the intended meaning. Respond with only the U.S. state capital, no extra words or punctuation. Question: What is the capital of the U.S. state of Hawaii Answer:",Honolulu,Honolulu,1,1.0,subset_preproc_prompt
11,spacing_punct,heavy,Instruction You may see typos extra spaces unusual Unicode (full-width or look-alike characters) or emoji Mentally normalize and infer the intended meaning Respond with only the US state capital no extra words or punctuation Question What is the capital of the US state of Hawaii Answer,Honolulu,What is the capital of the US state of Hawaii,0,0.0,subset_preproc_prompt
11,unicode_confusables,light,"Instruction: You may see typos, ekhtra sraces, unusual Unicode (full-width or look-alike characters), or emoji. Mental1y normalize and infer the intended meaning. Respond with on1u the U.S. state capital, no ekhtra words or punctuation. Question: What is the capital of the U.S. state of Hawaii? Answer:",Honolulu,Honolulu,1,1.0,subset_preproc_prompt
11,unicode_confusables,heavy,"Instrustion: You mau see typodz, ekhtra spacedz, unudzual Unicode (fu1l-width or 1ook-a1ike sharasters), or emoji. Menta1ly normalize and infer the intended meaning. Redzpond with onlu the U.S. dztate capita1, no extra worddz or punctuation. Quedztion: What is the capita1 of the U.5. dztate of Hawaii? Answer:",Honolulu,Honolulu,1,1.0,subset_preproc_prompt
11,emoji,light,"Instruction: You may see typos, extra spaces, unusual Unicode (full-width or look-alike characters), or emoji. Mental ly normaliz e and infer the intended meaning. Respond with only the U.S. state capital, no extra words or punctuation. Question: What is the capital of the U.S. state of Hawaii ? Answer:",Honolulu,What is the capital of the U.S. state of Hawaii ?,0,0.0,subset_preproc_prompt
11,emoji,heavy,"Instruction: You may see typos, extra spaces, unusual Unicode (full-width or look-a like characters), or emoji. Mentally normalize and infer the intended meaning. Respond with only the U.S. state capital, no extra words or punctuati on. Question: What is the capital of the U.S. state of Hawaii ? Answer :",Honolulu,What is the capital of the U.S. state of Hawaii ?,0,0.0,subset_preproc_prompt
12,typos,light,"Instruction: You may see typos, extra spaces, unusual Unicode (full-width or look-alike characters), or emoji. Mentally normalize and infer the intended meaning. Responv with only the U.S. state capital, hno extra words or punctuation. Question: What is the capital of the U.S. state of Idaho? Answer:",Boise,Idaho Falls,0,0.0,subset_preproc_prompt
12,typos,heavy,"Instruction: You may see typos, extra spaces, unusual Uhnicode (full-awidth or look-alike characters), or emoji. Mentally normalize and infer the intended meaning. Respond with only the U.S. state caopital, no extra words or 8unctuation. Question: What ic the capital of the U.S. state of Idaho? Answer:",Boise,Idaho,0,0.0,subset_preproc_prompt
12,spacing_punct,light,"Instruction: You may see typos, extra spaces, unusual Unicode (full-width or look-alike characters), or emoji Mentally normalize and infer the intended meaning. Respond with only the U.S. state capital, no extra words or punctuation. Question: What is the capital of the U.S. state of Idaho? Answer",Boise,Idaho,0,0.0,subset_preproc_prompt
12,spacing_punct,heavy,Instruction You may see typos extra spaces unusual Unicode (full-width or look-alike characters) or emoji Mentally normalize and infer the intended meaning Respond with only the US state capital no extra words or punctuation Question What is the capital of the US state of Idaho Answer,Boise,Idaho,0,0.0,subset_preproc_prompt
12,unicode_confusables,light,"Indztruction: You may see tupos, extra spacedz, unusual Unicode (full-width or 1ook-alike characters), or emoji. Mentally norma1ize and infer the intended meaning. Respond with only the U.5. state carital, no extra words or punctuation. Question: What is the carital of the U.S. state of Idaho? Answer:",Boise,Unicode,0,0.0,subset_preproc_prompt
12,unicode_confusables,heavy,"Indztruction: You may dzee typos, extra dzpacedz, unusual Unisode (fu1l-width or look-a1ike sharasterdz), or emoji. Mental1u normalize and infer the intended meaning. Respond with only the U.S. dztate capital, no extra words or punstuation. Quedztion: What is the carital of the U.S. state of Idaho? Andzwer:",Boise,Idaho,0,0.0,subset_preproc_prompt
12,emoji,light,"Instruction: You may see typos, extra spaces, unusual Unicode (full-width or look-alike characters), or emoji. Mentally normalize and infer the intended meaning. Respond with only the U.S. state capital, no extra words or punctuation. Question: What is the c apital of the U.S. state of Idaho ? Answe r:",Boise,Idaho,0,0.0,subset_preproc_prompt
12,emoji,heavy,"Instruction: You may see typos, extra sp aces, unusua l Unicode (full-wid th or look-alike characters) , or emoji. Mentally normalize and infer the intended meaning. Respond with only the U.S. state capital, no extra words or punctuation. Question: What is the capital of the U.S. state o f Idaho? Answer:",Boise,Idaho Falls,0,0.0,subset_preproc_prompt
13,typos,light,"Instruction: You may see typos, extra spaces, unusual Unicode (full-width or look-alike characters), or emoji. Mentally normalize and infer the intended m1eaning. Respond with only the U.S. state capital, no extra words or punctuation. Question: What is the capkital of the U.S. state of Illinois? Answer:",Springfield,Chicago,0,0.0,subset_preproc_prompt
13,typos,heavy,"Instruction: You may see typos, extra spaces, unusual Unicode (full-width or look-alike characters), or emoji. Mentally norma;lize and ihfer the intendee meaning. Respond with only the U.S. state capital, no exgra words or punctuation. Question: What is the capital of the U.D. state of Illinois? Answer:",Springfield,Chicago,0,0.0,subset_preproc_prompt
13,spacing_punct,light,"Instruction: You may see typos, extra spaces, unusual Unicode (full-width or look-alike characters) or emoji Mentally normalize and infer the intended meaning. Respond with only the U.S. state capital, no extra words or punctuation. Question: What is the capital of the U.S. state of Illinois? Answer:",Springfield,Chicago,0,0.0,subset_preproc_prompt
13,spacing_punct,heavy,Instruction You may see typos extra spaces unusual Unicode (full-width or look-alike characters) or emoji Mentally normalize and infer the intended meaning Respond with only the US state capital no extra words or punctuation Question What is the capital of the US state of Illinois Answer,Springfield,What is the capital of the US state of Illinois,0,0.0,subset_preproc_prompt
13,unicode_confusables,light,"Instruction: Uou may see tyros, ekhtra dzpaces, unusual Unicode (fu1l-width or look-alike characterdz), or emoji. Mentally normalize and infer the intended meaning. Respond with only the U.S. state capital, no extra words or punstuation. Quedztion: What is the sapital of the U.S. state of Illinoidz? Answer:",Springfield,Chicago,0,0.0,subset_preproc_prompt
13,unicode_confusables,heavy,"Indztruction: You mau dzee tyros, extra spaces, unusua1 Unisode (fu1l-width or look-a1ike characterdz), or emoji. Mentally norma1ize and infer the intended meaning. Resrond with onlu the U.S. state sarital, no extra worddz or runctuation. Question: What idz the sarital of the U.S. dztate of Il1inois? Andzwer:",Springfield,Resrond with onlu the U.S. state s,0,0.0,subset_preproc_prompt
13,emoji,light,"Instruction: You may see t ypos, extra spaces, unusual Unicode (full-width or look-alike characters), or emoji. Mentally normalize and infer the intended meaning. Respond with only the U.S. state capital, no extra words or punctuation. Question: What is the capital of the U.S. state of Illinois ? Answer:",Springfield,What is the capital of the U.S. state of Illinois ?,0,0.0,subset_preproc_prompt
13,emoji,heavy,"Instruction: You may see typos, extr a spaces, unusual Unicod e (full-width or look-alike characters), or emoji. Mentally normalize and infer the intended meaning. Respond with only the U.S. state capital, no extra words or punctuation. Question: What is the capital of the U.S. state o f I llinois? Answer:",Springfield,I llinois,0,0.0,subset_preproc_prompt
17,typos,light,"Instrucyion: You may see typos, extra spaces, unusual Unicode (full-width or loouk-alike characters), or emoji. Mentally normalize and infer the intended meaning. Respond with only the U.S. state capital, no extra words or punctuation. Question: What is the capital of the U.S. state of Kentucky? Answer:",Frankfort,Louisville,0,0.0,subset_preproc_prompt
17,typos,heavy,"Instruction: You may see typos, extra spaces, unusual Unicode (full-width or look-alike characters), or em;oji. Mentxlly normalize and infer the intended meaning. Respond with only the U.S. state capital, no extra words or ;unctuation. Questioj: What ix the capital of the U.S. state of Kentucky? Answer:",Frankfort,Louisville,0,0.0,subset_preproc_prompt
17,spacing_punct,light,"Instruction You may see typos, extra spaces, unusual Unicode (full-width or look-alike characters), or emoji. Mentally normalize and infer the intended meaning. Respond with only the U.S. state capital no extra words or punctuation. Question: What is the capital of the U.S. state of Kentucky? Answer:",Frankfort,Louisville,0,0.0,subset_preproc_prompt
17,spacing_punct,heavy,Instruction You may see typos extra spaces unusual Unicode (full-width or look-alike characters) or emoji Mentally normalize and infer the intended meaning Respond with only the US state capital no extra words or punctuation Question What is the capital of the US state of Kentucky Answer,Frankfort,What is the capital of the US state of Kentucky,0,0.0,subset_preproc_prompt
17,unicode_confusables,light,"Instruction: You may see typos, extra dzpacedz, unusual Unicode (full-width or look-alike sharacters), or emoji. Mentally normalize and infer the intended meaning. Respond with only the U.S. state capital, no extra words or punstuation. Question: What is the capital of the U.S. state of Kentucku? Answer:",Frankfort,Lexington,0,0.0,subset_preproc_prompt
17,unicode_confusables,heavy,"Indztrustion: You may dzee tyros, extra sraces, unusua1 Unicode (fu1l-width or look-a1ike characters), or emoji. Menta11y norma1ize and infer the intended meaning. Resrond with on1y the U.5. dztate sapital, no extra words or runstuation. Quedztion: What is the sarital of the U.S. dztate of Kentucku? Answer:",Frankfort,Resrond with on1y the U.5. dztate,0,0.0,subset_preproc_prompt
17,emoji,light,"Instruction: You may see typos, extra spaces, unusual Unicode (full-width or look-alike characters), or emoji. Mentally normalize and infer the intended meaning. Respond with only the U.S. state capital, no extra words or punctuation. Question: What is the capital of t he U.S. state of Kentucky ? Answe r:",Frankfort,What is the capital of t he U.S. state of Kentucky,0,0.0,subset_preproc_prompt
17,emoji,heavy,"Instruction: You may see ty pos, extra spaces, unusual Unicode (full-width or look-alike characters), or emoji. Mentally nor malize and infer the intended mea ning. Respond with only the U.S. state capi tal , no extra words or punctuation. Question: What is the capital of the U.S. state of Ke ntucky? Answer:",Frankfort,Ke ntucky,0,0.0,subset_preproc_prompt
20,typos,light,"Instruction: You may see typos, extra spaces, unusual Unicode (full-width or look-alike characters), or emoji. Mentally normalize abnd infer the intended meaning. Respond with only the U.S. state capital, no 2xtra words or punctuation. Question: What is the capital of the U.S. state of Maryland? Answer:",Annapolis,Baltimore,0,0.0,subset_preproc_prompt
20,typos,heavy,"Instruction: You may see typos, extra spaces, unusual Unicode (full-w7idth or look-alike characters), or emoji. Mentally normalize and infer the intended meaning. Res;pond with only the U.S. state capjital, no extra words or punctuation. Question: What iws the capital of the U.S. state kf Maryland? Answer:",Annapolis,What iws the capital of the U.S. state k,0,0.0,subset_preproc_prompt
20,spacing_punct,light,"Instruction: You may see typos, extra spaces, unusual Unicode (full-width or look-alike characters), or emoji. Mentally normalize and infer the intended meaning Respond with only the U.S. state capital no extra words or punctuation. Question: What is the capital of the U.S. state of Maryland? Answer:",Annapolis,Baltimore,0,0.0,subset_preproc_prompt
20,spacing_punct,heavy,Instruction You may see typos extra spaces unusual Unicode (full-width or look-alike characters) or emoji Mentally normalize and infer the intended meaning Respond with only the US state capital no extra words or punctuation Question What is the capital of the US state of Maryland Answer,Annapolis,What is the capital of the US state of Maryland,0,0.0,subset_preproc_prompt
20,unicode_confusables,light,"Instruction: Uou may dzee typos, ekhtra spaces, unudzua1 Unicode (full-width or 1ook-a1ike characters), or emoji. Mentallu normalize and infer the intended meaning. Respond with on1y the U.S. dztate sapital, no extra words or punctuation. Question: What is the capital of the U.S. state of Maryland? Answer:",Annapolis,Maryland,0,0.0,subset_preproc_prompt
20,unicode_confusables,heavy,"Instruction: You may dzee tyros, extra spasedz, unudzual Unisode (fu11-width or look-a1ike charasters), or emoji. Mental1u norma1ize and infer the intended meaning. Respond with onlu the U.5. state capital, no extra worddz or punstuation. Question: What is the sapital of the U.S. state of Maruland? Answer:",Annapolis,unudzual Unisode,0,0.0,subset_preproc_prompt
20,emoji,light,"Instruction: You may see typos, extra spaces, unusual Unicode (full-width or look-alike characters), or emoji. Mentally normalize and infer the intended meaning. Respond with only th e U.S. state capital, no extra words or punctuation. Question: What is the capital of the U.S. state of Maryland ? Ans wer:",Annapolis,What is the capital of the U.S. state of Maryland ?,0,0.0,subset_preproc_prompt
20,emoji,heavy,"Instr ucti on: You may see typos, extra spaces, unus ual Unicode (full-width or look -alike characters), or emoji. Mentally normalize and infer the intended meaning. Respond with only the U.S. state capital, no ext ra words or punctuation. Question: What is the capital of the U.S. s tate of Maryland? Answer:",Annapolis,Baltimore,0,0.0,subset_preproc_prompt
22,typos,light,"Instruction: Yoku may see typos, extra spaces, unusual Unicode (full-width or look-alike characters), or emoji. Mentally n;rmalize and infer the intended meaning. Respond with only the U.S. state capital, no extra words or punctuation. Question: What is the capital of the U.S. state of Michigan? Answer:",Lansing,Detroit,0,0.0,subset_preproc_prompt
22,typos,heavy,"Instruction: You may see typos, extra spaces, unusual Unicode (fuli-widrth or look-alike characters), or emoji. Mentally normalize and infer the intended meaning. Responed with only the U.S. s4tate capital, no extra words or punctuation. Question: What is the capital of the U.S. state of Mixhigan? Answer:",Lansing,Mixhigan,0,0.0,subset_preproc_prompt
22,spacing_punct,light,"Instruction: You may see typos, extra spaces, unusual Unicode (full-width or look-alike characters), or emoji Mentally normalize and infer the intended meaning. Respond with only the U.S state capital, no extra words or punctuation. Question: What is the capital of the U.S. state of Michigan? Answer:",Lansing,Detroit,0,0.0,subset_preproc_prompt
22,spacing_punct,heavy,Instruction You may see typos extra spaces unusual Unicode (full-width or look-alike characters) or emoji Mentally normalize and infer the intended meaning Respond with only the US state capital no extra words or punctuation Question What is the capital of the US state of Michigan Answer,Lansing,What is the capital of the US state of Michigan?,0,0.0,subset_preproc_prompt
22,unicode_confusables,light,"Instruction: You may dzee typos, extra spaces, unusual Unicode (ful1-width or look-a1ike characters), or emoji. Mentally normalize and infer the intended meaning. Respond with only the U.S. state capital, no extra words or punstuation. Question: What is the capital of the U.S. state of Michigan? Answer:",Lansing,Detroit,0,0.0,subset_preproc_prompt
22,unicode_confusables,heavy,"Instruction: Uou may dzee tupodz, ekhtra spaces, unudzual Unisode (full-width or look-a1ike characters), or emoji. Menta11u norma1ize and infer the intended meaning. Redzrond with onlu the U.S. state carita1, no extra words or runctuation. Quedztion: What is the carita1 of the U.S. state of Michigan? Answer:",Lansing,unudzual Unisode,0,0.0,subset_preproc_prompt
22,emoji,light,"Instruction: You may see typos, extra spaces, unusual Unicode (full-width or look-alike character s), or emoji. Mentally normalize and infer the intended meaning. Respond with only the U.S. state capital, no extra words or punctuation. Question: What is the capital of the U.S. state of Michigan ? Answer:",Lansing,What is the capital of the U.S. state of Michigan ?,0,0.0,subset_preproc_prompt
22,emoji,heavy,"Instruction: You may see typos, extra spaces, unusual Unicode (full-width or look-alike c haracters), or emoji. Me ntally n ormalize and infer the intended me aning. Respond with only the U.S. state capital, no extra words or punctuation. Question: What is the capital of the U.S. state of Michigan ? Answer:",Lansing,What is the capital of the U.S. state of Michigan ?,0,0.0,subset_preproc_prompt
24,typos,light,"Instruction: You may see typos, extra spaces, unusual Unicode (full-width or look-alike characters), or emoji. Mentally normalize and infer the intended meaning. Respond with only the U.S. state capital, no extra words or punctuatoon. Question: What is the capital of the U.S. state of Mississoippi? Answer:",Jackson,Tuscaloosa,0,0.0,subset_preproc_prompt
24,typos,heavy,"Instruction: You mauy see typos, extra spacez, unusual Unicide (full-width or look-alike characters), or emoji. Mentalljy normalize and infer the intended meaning. Respond with only the U.S. state capital, no extra words or punctuation. Question: What is the capital of the U.S. state of Miss7ssippi? Answer:",Jackson,Miss7ssippi,0,0.0,subset_preproc_prompt
24,spacing_punct,light,"Instruction: You may see typos, extra spaces, unusual Unicode (full-width or look-alike characters), or emoji. Mentally normalize and infer the intended meaning. Respond with only the U.S. state capital, no extra words or punctuation. Question What is the capital of the U.S. state of Mississippi? Answer",Jackson,Jackson,1,1.0,subset_preproc_prompt
24,spacing_punct,heavy,Instruction You may see typos extra spaces unusual Unicode (full-width or look-alike characters) or emoji Mentally normalize and infer the intended meaning Respond with only the US state capital no extra words or punctuation Question What is the capital of the US state of Mississippi Answer,Jackson,What is the capital of the US state of Mississippi,0,0.0,subset_preproc_prompt
24,unicode_confusables,light,"Instruction: You may see typos, extra spaces, unusual Unicode (full-width or look-alike characters), or emoji. Mentally normalize and infer the intended meaning. Respond with only the U.S. state capital, no extra words or runctuation. Question: What is the carital of the U.S. state of Mississippi? Answer:",Jackson,Jackson,1,1.0,subset_preproc_prompt
24,unicode_confusables,heavy,"Indztruction: You may dzee typos, extra dzraces, unusua1 Unisode (ful1-width or 1ook-alike characters), or emoji. Mental1y norma1ize and infer the intended meaning. Respond with only the U.S. dztate sapital, no extra words or punstuation. Question: What idz the carital of the U.5. dztate of Midzsisdzippi? Andzwer:",Jackson,unusua1 Unisode,0,0.0,subset_preproc_prompt
24,emoji,light,"Instruc tion: You may see typos, extra spaces, unusual Unicode (full-width or look -alike characters), or emoji. Mentally normalize and infer the intended meaning. Respond with only the U.S. state capital, no extra words or punctuation. Question: What is the capital of the U.S. state of Mississippi ? Answer:",Jackson,What is the capital of the U.S. state of Mississippi ?,0,0.0,subset_preproc_prompt
24,emoji,heavy,"Instruction: You may see ty pos, extra spaces, unusual Unicode (full-width or look-alike characters), or em oji. Mentally normalize and infer the intended meaning. Respond with only the U.S. st ate capital, no e xtra words or punctuation. Question: What is the capital of the U.S. state of Mississippi ? Answer:",Jackson,What is the capital of the U.S. state of Mississippi ?,0,0.0,subset_preproc_prompt
25,typos,light,"Instruction: You may see typos, extra spaces, unusual Unicode (full-width or look-alik1 characters), or emoji. Mentally normalize and infer the intended meaning. Respond with only the U.S. state capital, no extra words or punctuation. Question: What is the capital of the U.S. state of Missouri? Agnswer:",Jefferson City,St. Louis,0,0.0,subset_preproc_prompt
25,typos,heavy,"Instruction: You may see t4pos, extra spaces, unusual Unicode (full-width or look-alike characters), or emoji. Kentally normalize and infer the intended meaning. Respond with only the U.S. state capital, no extra words or punctuation. Quest7on: What is tje capital of hhe U.S. state of Missouri? Answer:",Jefferson City,St. Louis,0,0.0,subset_preproc_prompt
25,spacing_punct,light,"Instruction: You may see typos, extra spaces, unusual Unicode (full-width or look-alike characters), or emoji. Mentally normalize and infer the intended meaning Respond with only the U.S. state capital, no extra words or punctuation. Question What is the capital of the U.S. state of Missouri? Answer:",Jefferson City,St. Louis,0,0.0,subset_preproc_prompt
25,spacing_punct,heavy,Instruction You may see typos extra spaces unusual Unicode (full-width or look-alike characters) or emoji Mentally normalize and infer the intended meaning Respond with only the US state capital no extra words or punctuation Question What is the capital of the US state of Missouri Answer,Jefferson City,What is the capital of the US state of Missouri,0,0.0,subset_preproc_prompt
25,unicode_confusables,light,"Instruction: Uou may dzee typos, extra spaces, unudzual Unicode (ful1-width or look-alike sharasterdz), or emoji. Mental1y normalize and infer the intended meaning. Redzrond with only the U.S. state capital, no extra words or punctuation. Question: What is the carital of the U.S. state of Missouri? Answer:",Jefferson City,What is the carital of the U.S. state of Missouri?,0,0.0,subset_preproc_prompt
25,unicode_confusables,heavy,"Instruction: You may dzee tyrodz, extra spaces, unudzua1 Unicode (full-width or look-alike characters), or emoji. Menta1ly normalize and infer the intended meaning. Respond with only the U.S. dztate sapita1, no extra worddz or runstuation. Question: What is the capital of the U.S. dztate of Misdzouri? Andzwer:",Jefferson City,unudzua1,0,0.0,subset_preproc_prompt
25,emoji,light,"Instruction: You may see typos, extra spaces, unusual Unicode (full-width or look-alike characters), or emoji. Mentally norma lize and infer the intended meaning. Respond with only the U.S. state capital, no extra words or punctuation. Question: What is the capital of the U.S. state of Misso uri? Answer:",Jefferson City,Misso uri,0,0.0,subset_preproc_prompt
25,emoji,heavy,"Instruction: You may see typos, extra spaces, unusual Unicode (full-wid th or look-alike characters), or emoji. Mentally normalize and infer th e intended meaning . Respond with only the U.S. state capital, no extr a words or punctuation. Q uestion: What is the capital of the U.S. state of Missouri ? Answer:",Jefferson City,Missouri,0,0.0,subset_preproc_prompt
26,typos,light,"Insfruction: You may see gypos, extra spaces, unusual Unicode (full-width or look-alike characters), or emoji. Mentally normalize and infer the intended meaning. Respond with only the U.S. state capital, no extra words or punctuation. Question: What is the capital of the U.S. state of Montana? Answer:",Helena,Helena,1,1.0,subset_preproc_prompt
26,typos,heavy,"Instruction: You mqy see typos, extra spaces, unusual Unicodfe (full-width or look-alike characters), or emojl. Mentally normalize and infer the intended meaning. Respond with only the U.S. state capital, no extra words or punfctuation. Question: What is the capital of the U.S. state of Montana? Anewer:",Helena,Helena,1,1.0,subset_preproc_prompt
26,spacing_punct,light,"Instruction: You may see typos, extra spaces, unusual Unicode (full-width or look-alike characters), or emoji. Mentally normalize and infer the intended meaning Respond with only the U.S. state capital, no extra words or punctuation. Question: What is the capital of the U.S. state of Montana? Answer",Helena,Missoula,0,0.0,subset_preproc_prompt
26,spacing_punct,heavy,Instruction You may see typos extra spaces unusual Unicode (full-width or look-alike characters) or emoji Mentally normalize and infer the intended meaning Respond with only the US state capital no extra words or punctuation Question What is the capital of the US state of Montana Answer,Helena,What is the capital of the US state of Montana,0,0.0,subset_preproc_prompt
26,unicode_confusables,light,"Instruction: You may see tupos, extra sracedz, unudzua1 Unicode (full-width or look-alike charasterdz), or emoji. Mentally norma1ize and infer the intended meaning. Respond with on1y the U.S. state capital, no extra words or punctuation. Question: What is the capita1 of the U.S. state of Montana? Answer:",Helena,Missoula,0,0.0,subset_preproc_prompt
26,unicode_confusables,heavy,"Indztruction: You may see typos, ekhtra sraces, unusua1 Unicode (fu11-width or look-a1ike sharasters), or emoji. Mentally normalize and infer the intended meaning. Respond with onlu the U.5. state sarita1, no ekhtra worddz or runctuation. Quedztion: What is the sapital of the U.S. dztate of Montana? Andzwer:",Helena,unusua1 Unicode (fu11-width or look,0,0.0,subset_preproc_prompt
26,emoji,light,"Instruction: You may see typos, extra spaces, unusual Unicode (full -width or look-alike characters), or emoji. Mentally normalize a nd infer the intended meaning. Respond with only the U.S. state capital, no extra words or punctuation. Question: What is the capital of the U.S. state of Montana ? Answer:",Helena,What is the capital of the U.S. state of Montana ?,0,0.0,subset_preproc_prompt
26,emoji,heavy,"Instruction: You may s ee typos, extra spaces, unusual Unicode (full-width or look-alike characters), or emoji. Mentally normalize and infer the intended meaning. Respond with only the U.S. state capital, no extra words or punc tuation. Question: What is the capit al of the U.S. state of Mon tana? Answer:",Helena,Mon tana,0,0.0,subset_preproc_prompt
27,typos,light,"Instruction: You may see typos, extra spaces, unusual Unicode (full-width or look-alike characters), or emoji. Mentally normalize and infer the intended meaning. Respond with only rthe U.S. stafte capital, no extra words or punctuation. Question: What is the capital of the U.S. state of Nebraska? Answer:",Lincoln,Omaha,0,0.0,subset_preproc_prompt
27,typos,heavy,"Ins5ruction: You may sdd typos, extra spaces, unusual Unicode (full-width or look-alike characters), or emoji. Mentally normalize and infer the intended meaning. Reespond with only the U.S. state capital, no extrwa words or punctuation. Question: What is the capital of the U.S. state of Nebraska? Answer:",Lincoln,Omaha,0,0.0,subset_preproc_prompt
27,spacing_punct,light,"Instruction: You may see typos, extra spaces, unusual Unicode (full-width or look-alike characters), or emoji. Mentally normalize and infer the intended meaning Respond with only the U.S. state capital, no extra words or punctuation. Question: What is the capital of the U.S state of Nebraska? Answer:",Lincoln,Omaha,0,0.0,subset_preproc_prompt
27,spacing_punct,heavy,Instruction You may see typos extra spaces unusual Unicode (full-width or look-alike characters) or emoji Mentally normalize and infer the intended meaning Respond with only the US state capital no extra words or punctuation Question What is the capital of the US state of Nebraska Answer,Lincoln,What is the capital of the US state of Nebraska,0,0.0,subset_preproc_prompt
27,unicode_confusables,light,"Instruction: You may see typos, extra spaces, unusua1 Unicode (ful1-width or look-alike characters), or emoji. Mentally norma1ize and infer the intended meaning. Redzpond with only the U.5. state capita1, no extra worddz or punctuation. Question: What is the capita1 of the U.S. dztate of Nebraska? Answer:",Lincoln,What is the capita1 of the U.S. dzstate of,0,0.0,subset_preproc_prompt
27,unicode_confusables,heavy,"Indztruction: You may see tupodz, ekhtra sracedz, unusua1 Unicode (full-width or 1ook-alike characters), or emoji. Mentallu normalize and infer the intended meaning. Redzpond with only the U.S. state sapita1, no extra worddz or punctuation. Quedztion: What idz the sapital of the U.S. state of Nebradzka? Andzwer:",Lincoln,unusua1 Unicode,0,0.0,subset_preproc_prompt
27,emoji,light,"Instruction: You may see typos, extra spaces, unusual Unicode (full-width or look-alike characters), or emoji. Mentally normalize and infer the int ended meaning. Respond with only the U.S. state capital, no extra words or punctuation. Question: What is the capital of the U.S. state of Nebraska ? Answer:",Lincoln,What is the capital of the U.S. state of Nebraska ?,0,0.0,subset_preproc_prompt
27,emoji,heavy,"Instruction: You ma y see typos, extra spaces, unusual Unic ode (full-width or look-alike characte rs), or emoji. Mentally normalize and infer the intended meaning. Respond with only the U.S. state capital, no extra words or punctuation. Question: What is the capital of the U.S. state of Nebraska ? Answer:",Lincoln,What is the capital of the U.S. state of Nebraska ?,0,0.0,subset_preproc_prompt
30,typos,light,"Instruction: You may see typos, extra spaces, unusual Unicode (full-width or look-alike characters), or emiji. Mentally normalize and infer the intended meaning. Respond with only the U.S. state capital, no extra words or punctuation. Question: What is the capigal of the U.S. state of New Jersey? Answer:",Trenton,Newark,0,0.0,subset_preproc_prompt
30,typos,heavy,"Instruction: You may see typos, extra spaces, unusual Unicode (full-width or look-alike characters), or emoji. Mentally normalize and infer the in3tended meaning. Respond with only the U.S. state csapital, no extra words or pundruation. Question: What is the czapital of the U.S. state of New Jersey? Answer:",Trenton,New Jersey,0,0.0,subset_preproc_prompt
30,spacing_punct,light,"Instruction: You may see typos, extra spaces, unusual Unicode (full-width or look-alike characters) or emoji. Mentally normalize and infer the intended meaning. Respond with only the U.S. state capital, no extra words or punctuation. Question: What is the capital of the US. state of New Jersey? Answer:",Trenton,Trenton,1,1.0,subset_preproc_prompt
30,spacing_punct,heavy,Instruction You may see typos extra spaces unusual Unicode (full-width or look-alike characters) or emoji Mentally normalize and infer the intended meaning Respond with only the US state capital no extra words or punctuation Question What is the capital of the US state of New Jersey Answer,Trenton,What is the capital of the US state of New Jersey?,0,0.0,subset_preproc_prompt
30,unicode_confusables,light,"Instruction: You may see typos, extra spacedz, unusual Unicode (full-width or look-alike charasters), or emoji. Mentally normalize and infer the intended meaning. Redzpond with onlu the U.S. state capital, no extra words or punctuation. Question: What is the capital of the U.S. state of New Jersey? Answer:",Trenton,"Redzpond with onlu the U.S. state capital,",0,0.0,subset_preproc_prompt
30,unicode_confusables,heavy,"Indztrustion: You may see turos, ekhtra dzpacedz, unusua1 Unisode (fu11-width or 1ook-alike characters), or emoji. Mental1y normalize and infer the intended meaning. Respond with on1y the U.S. state carita1, no extra words or runctuation. Quedztion: What is the sarital of the U.S. state of New Jersey? Answer:",Trenton,unusua1 Unisode,0,0.0,subset_preproc_prompt
30,emoji,light,"Instruction: You may see typos, extra spaces, unusual Unicode (full-width or look-alike characters), or emoji. Mentally normalize and infer the intended meaning. Respond with only the U.S. state capital, no extra words or punctuation. Questi on: What is the capital of t he U.S. state of New Jersey ? Answer:",Trenton,New Jersey,0,0.0,subset_preproc_prompt
30,emoji,heavy,"Instruction: You may see typos, extra spaces, unusual Unicode (full-width or look-alike characters), or emoji. Mentally normalize and i nfer the intended meaning. Respond wit h only the U.S. state capital, no ext ra words or punctuat ion. Question: What is the capi tal of the U.S. state of New Jersey ? Answer:",Trenton,New Jersey,0,0.0,subset_preproc_prompt
32,typos,light,"Instruction: You may see typos, extra spaces, unusual Unicode (full-width or look-alike characters), or emoji. Mentally normalize and infer the ibntended meaning. Respond with only the U.S. atate capital, no extra words or punctuation. Question: What is the capital of the U.S. state of New York? Answer:",Albany,New York,0,0.0,subset_preproc_prompt
32,typos,heavy,"Instruction: You may see typos, extra spaces, unusual Unicode (full-width or look-alike characters), or emoji. Mentally normalize and infer the intended meaning. Respond with only the U.S. state capitsl, jno extra words or punctuation. Question: 1hat is the ca;pital of rthe U.S. state of New York? Answer:",Albany,1hat is the ca;pital of rthe U.S.,0,0.0,subset_preproc_prompt
32,spacing_punct,light,"Instruction: You may see typos, extra spaces, unusual Unicode (full-width or look-alike characters), or emoji Mentally normalize and infer the intended meaning. Respond with only the U.S. state capital, no extra words or punctuation Question: What is the capital of the U.S. state of New York? Answer:",Albany,New York,0,0.0,subset_preproc_prompt
32,spacing_punct,heavy,Instruction You may see typos extra spaces unusual Unicode (full-width or look-alike characters) or emoji Mentally normalize and infer the intended meaning Respond with only the US state capital no extra words or punctuation Question What is the capital of the US state of New York Answer,Albany,What is the capital of the US state of New York?,0,0.0,subset_preproc_prompt
32,unicode_confusables,light,"Instrustion: You may dzee typos, extra srases, unusual Unisode (full-width or look-alike characters), or emoji. Mentally normalize and infer the intended meaning. Respond with only the U.S. state carital, no extra words or punctuation. Question: What is the capita1 of the U.S. dztate of New York? Answer:",Albany,New York,0,0.0,subset_preproc_prompt
32,unicode_confusables,heavy,"Instrustion: You may see typodz, extra dzpaces, unusua1 Unicode (ful1-width or 1ook-alike sharasters), or emoji. Mentally normalize and infer the intended meaning. Redzrond with only the U.S. state capital, no ekhtra words or punstuation. Quedztion: What is the capital of the U.S. state of New Uork? Andzwer:",Albany,New York,0,0.0,subset_preproc_prompt
32,emoji,light,"Instruction: You may see typos, extra spaces, unusual Unicode (full-width or look-alike characters), or emoji. Mentally normalize and infer the intended meaning. Respond with onl y the U.S. state capital, no extra words or punctuation. Question: What is the capital o f the U.S. state of New York ? Answer:",Albany,What is the capital o f the U.S. state of New,0,0.0,subset_preproc_prompt
32,emoji,heavy,"Instruction: You may see typos, extra spaces, unusual Unicode (full-width or look-alike characters), or emoji. Mentally normalize and infer the intended mean ing. Respond with on ly the U.S. state capital, no extra words or punctuation. Question: What is the capital of the U.S. state of New York? Answer:",Albany,New York,0,0.0,subset_preproc_prompt
36,typos,light,"Instruction: You jmay see typos, extra spaces, unusual Unicode (full-width or look-alike chzracters), or emoji. Mentally normalize and infer the intended meaning. Respond with only the U.S. state capital, no extra words or punctuation. Question: What is the capital of the U.S. state of Oklahoma? Answer:",Oklahoma City,Oklahoma City,1,1.0,subset_preproc_prompt
36,typos,heavy,"Instruction: You may sede typos, rextra spaces, unusual Ubnicode (full-width or look-aljike characters), or emoji. Mentally normalize and infer the intended meaning. Respond with only the J.S. state capital, no extra words or punctuation. Question: What is the capital of the U.S. state of Oklahoma? Answer:",Oklahoma City,Oklahoma City,1,1.0,subset_preproc_prompt
36,spacing_punct,light,"Instruction: You may see typos, extra spaces, unusual Unicode (full-width or look-alike characters), or emoji. Mentally normalize and infer the intended meaning. Respond with only the U.S state capital, no extra words or punctuation. Question: What is the capital of the U.S state of Oklahoma? Answer:",Oklahoma City,Oklahoma City,1,1.0,subset_preproc_prompt
36,spacing_punct,heavy,Instruction You may see typos extra spaces unusual Unicode (full-width or look-alike characters) or emoji Mentally normalize and infer the intended meaning Respond with only the US state capital no extra words or punctuation Question What is the capital of the US state of Oklahoma Answer,Oklahoma City,Oklahoma,0,0.6666666666666666,subset_preproc_prompt
36,unicode_confusables,light,"Instruction: You may see typos, extra spacedz, unusual Unicode (full-width or look-alike characters), or emoji. Mentally norma1ize and infer the intended meaning. Redzpond with only the U.S. state sapital, no extra words or punctuation. Question: What is the capital of the U.S. dztate of Oklahoma? Andzwer:",Oklahoma City,Oklahoma City,1,1.0,subset_preproc_prompt
36,unicode_confusables,heavy,"Indztruction: You may see typodz, ekhtra spacedz, unusual Unicode (ful1-width or 1ook-a1ike charasters), or emoji. Mental1y normalize and infer the intended meaning. Respond with only the U.S. state capital, no extra words or punctuation. Question: What is the capital of the U.S. state of Oklahoma? Answer:",Oklahoma City,Oklahoma City,1,1.0,subset_preproc_prompt
36,emoji,light,"Instruction: You may see typos, extra spaces, unusual Unicode (full-width or look-alike characters), or emoji. Mentally normalize and infer the intended meaning. Respond with only the U.S. state capital, no extra words or punctuation. Question: What is the capital of the U.S. state of Oklahoma ? Answer:",Oklahoma City,What is the capital of the U.S. state of Oklahoma ?,0,0.2,subset_preproc_prompt
36,emoji,heavy,"Instruction: You may see typos, extra spaces, unu sual Unicode (full-w idth or look-alike characters), or emoji. Mentally normali ze and infer the intended meaning. Respond with only the U.S. state capital, no extra words or punctuation. Question: What is the capital of the U.S. state of Oklahoma ? Answer:",Oklahoma City,What is the capital of the U.S. state of Oklahoma ?,0,0.2,subset_preproc_prompt
39,typos,light,"Instruction: You hay see typos, extra spaces, unusual Unicode (full-width or look-alike characters), or emoji. Mentally normalize and infer the intended meaning. Respond with only the U.S. state capital, no extra words or punctuation. Question: `What is the capital of the U.S. state of Rhode Island? Answer:",Providence,What is the capital of the U.S. state of Rhode Island,0,0.0,subset_preproc_prompt
39,typos,heavy,"Instruction: You may see typos, extra spaces, unusual Unicode (fulo-width or lo7ok-zalike characters), or emoji. Mentally normalize and infer the intended meanihg. Respond with only the U.S. state capital, no extra words or punctuation. Question: What is the capital of the U.S. s3ate of Rhode Island? Answer:",Providence,Rhode Island,0,0.0,subset_preproc_prompt
39,spacing_punct,light,"Instruction: You may see typos, extra spaces, unusual Unicode (full-width or look-alike characters), or emoji. Mentally normalize and infer the intended meaning. Respond with only the U.S. state capital, no extra words or punctuation Question What is the capital of the U.S. state of Rhode Island? Answer:",Providence,Providence,1,1.0,subset_preproc_prompt
39,spacing_punct,heavy,Instruction You may see typos extra spaces unusual Unicode (full-width or look-alike characters) or emoji Mentally normalize and infer the intended meaning Respond with only the US state capital no extra words or punctuation Question What is the capital of the US state of Rhode Island Answer,Providence,Rhode Island,0,0.0,subset_preproc_prompt
39,unicode_confusables,light,"Instruction: You may see tupos, extra dzpaces, unusual Unicode (full-width or look-alike characterdz), or emoji. Mentallu normalize and infer the intended meaning. Respond with only the U.5. state capita1, no extra words or punctuation. Question: What is the capital of the U.S. state of Rhode Is1and? Answer:",Providence,Providence,1,1.0,subset_preproc_prompt
39,unicode_confusables,heavy,"Instruction: You may dzee tupodz, extra spaces, unudzua1 Unicode (fu11-width or look-a1ike charasterdz), or emoji. Mentallu normalize and infer the intended meaning. Redzrond with onlu the U.S. state carital, no extra words or runstuation. Question: What idz the capital of the U.S. state of Rhode Idzland? Answer:",Providence,What idz the capital of the U.S. state of Rhode,0,0.0,subset_preproc_prompt
39,emoji,light,"Instruction: You may see typos, extra spaces, unusu al Unicode (full-width or look-alike characters), or emoji. Mentally normalize and infer the intended meaning. Respond with only the U.S. state capital, no extra words or punctuation. Question: What is the capital of the U.S. state of Rhode Island ? Answer:",Providence,What is the capital of the U.S. state of Rhode Island ?,0,0.0,subset_preproc_prompt
39,emoji,heavy,"I nstruction: You may see typos, extra spaces, unusua l Unicode (full-width or look-alike char acters), or emoji. Mentally normalize and infe r the intended meaning. Respond with o nly the U.S. state capital, no extra words or punctuation. Question: What is the capital of the U.S. state of Rhode Island ? Answer:",Providence,What is the capital of the U.S. state of Rhode Island ?,0,0.0,subset_preproc_prompt
40,typos,light,"Instruction: You may see typos, extra spaces, unusual Unicode (full-width or look-alike characters), or emoji. Mentally normalize and infer the intended meaninrg. Respond with only the U.S. state capital, no extra words or punctuation. Question: What is the capital of the U.S. statre of South Carolina? Answer:",Columbia,Charleston,0,0.0,subset_preproc_prompt
40,typos,heavy,"Instruction: You may see typos, fextra spaces, unusual Unicode (full-width or look-alike characters), or e,moji. Mentally norkalize and infrr the intended meaning. Respond with only the U.S. state capital, no extra wordz or punctuation. Question: What is the capital of the U.S. state of South Carolina? Answer:",Columbia,Charleston,0,0.0,subset_preproc_prompt
40,spacing_punct,light,"Instruction: You may see typos, extra spaces, unusual Unicode (full-width or look-alike characters), or emoji. Mentally normalize and infer the intended meaning. Respond with only the U.S. state capital, no extra words or punctuation. Question: What is the capital of the U.S. state of South Carolina Answer",Columbia,Charleston,0,0.0,subset_preproc_prompt
40,spacing_punct,heavy,Instruction You may see typos extra spaces unusual Unicode (full-width or look-alike characters) or emoji Mentally normalize and infer the intended meaning Respond with only the US state capital no extra words or punctuation Question What is the capital of the US state of South Carolina Answer,Columbia,Charleston,0,0.0,subset_preproc_prompt
40,unicode_confusables,light,"Instruction: You may see typos, extra spaces, unusual Unicode (fu1l-width or look-alike characters), or emoji. Mental1y normalize and infer the intended meaning. Respond with on1y the U.S. state capital, no extra words or punctuation. Question: What is the capital of the U.S. state of South Carolina? Andzwer:",Columbia,Charleston,0,0.0,subset_preproc_prompt
40,unicode_confusables,heavy,"Indztrustion: You may see tupodz, extra sraces, unusual Unicode (fu11-width or 1ook-alike characters), or emoji. Menta1ly normalize and infer the intended meaning. Respond with only the U.S. dztate capital, no extra worddz or punstuation. Question: What is the capital of the U.5. state of South Carolina? Andzwer:",Columbia,Columbia,1,1.0,subset_preproc_prompt
40,emoji,light,"Instruction: You may see typos, extra spaces, unusual Unicode (full-width or look-alike characters), or emoji. Mentally normalize and infer the inte nded meaning. Respond with on ly the U.S. state capital, no extra words or punctuation. Question: What is the capital of the U.S. state of South Carolina ? Answer:",Columbia,What is the capital of the U.S. state of South Carolina ?,0,0.0,subset_preproc_prompt
40,emoji,heavy,"Instruction: You may see typos, extra spaces, unusual Unicode (full-width or look-alike characters), or emoji. Mentally normaliz e and inf er the i ntended meaning. Respond with only the U.S. state capital, no extra words or punctuat ion. Question: What is the capital of the U.S. state of South Carolina ? Answer:",Columbia,What is the capital of the U.S. state of South Carolina ?,0,0.0,subset_preproc_prompt
46,typos,light,"Instruction: You may see typos, extra spaces, unusual Unicode (bull-width or look-alike characters), or emoji. Mentally normalize and infer the intenfded meaning. Respond with only the U.S. state capital, no extra words or punctuation. Question: What is the capital of the U.S. state of Virginia? Answer:",Richmond,Richmond,1,1.0,subset_preproc_prompt
46,typos,heavy,"Instruction: You may see typos, extra spasces, ugusual Unicoede (full-width or look-alike characters), or emoji. Mentally normalize and infer the intended meaning. Respond with only the U.S. state capital, no extra words or punctuation. Question: What is the ca'pital of the U.S. syate of Virginia? Answer:",Richmond,Richmond,1,1.0,subset_preproc_prompt
46,spacing_punct,light,"Instruction: You may see typos, extra spaces, unusual Unicode (full-width or look-alike characters), or emoji. Mentally normalize and infer the intended meaning. Respond with only the U.S. state capital, no extra words or punctuation. Question: What is the capital of the U.S state of Virginia Answer:",Richmond,Richmond,1,1.0,subset_preproc_prompt
46,spacing_punct,heavy,Instruction You may see typos extra spaces unusual Unicode (full-width or look-alike characters) or emoji Mentally normalize and infer the intended meaning Respond with only the US state capital no extra words or punctuation Question What is the capital of the US state of Virginia Answer,Richmond,What is the capital of the US state of Virginia?,0,0.0,subset_preproc_prompt
46,unicode_confusables,light,"Instruction: Uou may see typodz, extra dzpaces, unusual Unicode (full-width or look-alike charasters), or emoji. Mental1y normalize and infer the intended meaning. Respond with onlu the U.S. state capital, no extra words or punctuation. Question: What is the capital of the U.S. state of Virginia? Answer:",Richmond,Richmond,1,1.0,subset_preproc_prompt
46,unicode_confusables,heavy,"Indztrustion: Uou mau see turodz, extra sracedz, unudzua1 Unisode (full-width or look-alike charasters), or emoji. Menta11y norma1ize and infer the intended meaning. Respond with only the U.S. state carital, no extra words or runctuation. Question: What idz the carital of the U.5. state of Virginia? Answer:",Richmond,unudzua1 Unisode,0,0.0,subset_preproc_prompt
46,emoji,light,"Instruction: Yo u may see typos, extra spaces, unusual Unicode (full-width or look-alike characters), or emoji. Mentally normalize and infer the intended meaning. Respond with only the U.S. state capital, no extra words or punctuation. Question: What is the capital of the U.S. state of Virginia ? Answer:",Richmond,What is the capital of the U.S. state of Virginia ?,0,0.0,subset_preproc_prompt
46,emoji,heavy,"Instruction: You may see typos, extra spaces, u nusual Unicode (full-width or look -alike characters), or emoji. Mentally norm alize and infer the intended meaning. Respond with only the U.S. state capital, no extra words or punctuation. Question: What is the capital of the U.S. state of Virginia ? A nswer:",Richmond,What is the capital of the U.S. state of Virginia ?,0,0.0,subset_preproc_prompt
